image,label,lat,lon,date,sample_id
/content/drive/MyDrive/wildfire_prediction/sentinel2_firms_tf_lora/tiles/fire/sample_00000.png,fire,35.87141,-118.52146,2021-10-02,sample_00000
/content/drive/MyDrive/wildfire_prediction/sentinel2_firms_tf_lora/tiles/normal/sample_00001.png,normal,40.786675253333655,-114.2498366542249,2021-10-12,sample_00001
/content/drive/MyDrive/wildfire_prediction/sentinel2_firms_tf_lora/tiles/fire/sample_00003.png,fire,41.16273,-122.98251,2021-08-19,sample_00003
/content/drive/MyDrive/wildfire_prediction/sentinel2_firms_tf_lora/tiles/fire/sample_00004.png,fire,38.65837,-120.15768,2021-08-30,sample_00004
/content/drive/MyDrive/wildfire_prediction/sentinel2_firms_tf_lora/tiles/fire/sample_00005.png,fire,38.69101,-120.53333,2021-08-17,sample_00005
/content/drive/MyDrive/wildfire_prediction/sentinel2_firms_tf_lora/tiles/fire/sample_00006.png,fire,40.58791,-123.2879,2021-09-08,sample_00006
/content/drive/MyDrive/wildfire_prediction/sentinel2_firms_tf_lora/tiles/normal/sample_00007.png,normal,36.76567664529501,-116.60634374174462,2021-10-16,sample_00007
/content/drive/MyDrive/wildfire_prediction/sentinel2_firms_tf_lora/tiles/fire/sample_00008.png,fire,40.60596,-121.43899,2021-09-11,sample_00008
/content/drive/MyDrive/wildfire_prediction/sentinel2_firms_tf_lora/tiles/normal/sample_00009.png,normal,40.22571560653215,-121.98575074145039,2021-07-31,sample_00009
/content/drive/MyDrive/wildfire_prediction/sentinel2_firms_tf_lora/tiles/fire/sample_00010.png,fire,41.5162,-121.88198,2021-08-08,sample_00010
/content/drive/MyDrive/wildfire_prediction/sentinel2_firms_tf_lora/tiles/fire/sample_00011.png,fire,40.48209,-121.33129,2021-08-18,sample_00011
/content/drive/MyDrive/wildfire_prediction/sentinel2_firms_tf_lora/tiles/normal/sample_00014.png,normal,33.354653350174,-120.27247653792618,2021-08-13,sample_00014
/content/drive/MyDrive/wildfire_prediction/sentinel2_firms_tf_lora/tiles/fire/sample_00015.png,fire,41.09993,-122.84601,2021-09-03,sample_00015
/content/drive/MyDrive/wildfire_prediction/sentinel2_firms_tf_lora/tiles/fire/sample_00016.png,fire,36.5689,-118.80976,2021-09-13,sample_00016
/content/drive/MyDrive/wildfire_prediction/sentinel2_firms_tf_lora/tiles/fire/sample_00017.png,fire,40.18059,-120.76908,2021-08-10,sample_00017
/content/drive/MyDrive/wildfire_prediction/sentinel2_firms_tf_lora/tiles/fire/sample_00018.png,fire,40.84401,-123.2559,2021-08-27,sample_00018
/content/drive/MyDrive/wildfire_prediction/sentinel2_firms_tf_lora/tiles/fire/sample_00019.png,fire,36.07159,-118.62749,2021-09-21,sample_00019
/content/drive/MyDrive/wildfire_prediction/sentinel2_firms_tf_lora/tiles/fire/sample_00020.png,fire,36.53472,-118.67391,2021-10-01,sample_00020
/content/drive/MyDrive/wildfire_prediction/sentinel2_firms_tf_lora/tiles/normal/sample_00021.png,normal,39.737498594339066,-117.9332082074774,2021-10-06,sample_00021
/content/drive/MyDrive/wildfire_prediction/sentinel2_firms_tf_lora/tiles/normal/sample_00022.png,normal,34.25794743820228,-116.74465113815602,2021-08-05,sample_00022
/content/drive/MyDrive/wildfire_prediction/sentinel2_firms_tf_lora/tiles/normal/sample_00023.png,normal,35.23105713453933,-117.09317788577853,2021-08-23,sample_00023
/content/drive/MyDrive/wildfire_prediction/sentinel2_firms_tf_lora/tiles/normal/sample_00024.png,normal,32.92546051615205,-117.63871737320919,2021-09-21,sample_00024
/content/drive/MyDrive/wildfire_prediction/sentinel2_firms_tf_lora/tiles/normal/sample_00025.png,normal,35.33199561117023,-117.06580590003418,2021-07-17,sample_00025
/content/drive/MyDrive/wildfire_prediction/sentinel2_firms_tf_lora/tiles/fire/sample_00026.png,fire,38.69139,-120.52371,2021-08-17,sample_00026
/content/drive/MyDrive/wildfire_prediction/sentinel2_firms_tf_lora/tiles/fire/sample_00027.png,fire,41.10139,-122.82719,2021-09-01,sample_00027
/content/drive/MyDrive/wildfire_prediction/sentinel2_firms_tf_lora/tiles/normal/sample_00028.png,normal,34.446944394462314,-117.56550455948361,2021-07-21,sample_00028
/content/drive/MyDrive/wildfire_prediction/sentinel2_firms_tf_lora/tiles/normal/sample_00029.png,normal,39.59691575504292,-117.4584007034535,2021-08-16,sample_00029
/content/drive/MyDrive/wildfire_prediction/sentinel2_firms_tf_lora/tiles/normal/sample_00030.png,normal,40.471788785558346,-119.26705720057446,2021-09-30,sample_00030
/content/drive/MyDrive/wildfire_prediction/sentinel2_firms_tf_lora/tiles/fire/sample_00031.png,fire,37.34665,-119.85297,2021-07-12,sample_00031
/content/drive/MyDrive/wildfire_prediction/sentinel2_firms_tf_lora/tiles/fire/sample_00032.png,fire,35.99773,-118.72773,2021-10-05,sample_00032
/content/drive/MyDrive/wildfire_prediction/sentinel2_firms_tf_lora/tiles/fire/sample_00033.png,fire,38.81448,-120.19539,2021-08-31,sample_00033
/content/drive/MyDrive/wildfire_prediction/sentinel2_firms_tf_lora/tiles/fire/sample_00034.png,fire,41.21589,-122.94469,2021-09-01,sample_00034
/content/drive/MyDrive/wildfire_prediction/sentinel2_firms_tf_lora/tiles/normal/sample_00035.png,normal,38.92611800440452,-122.14127300702847,2021-07-26,sample_00035
/content/drive/MyDrive/wildfire_prediction/sentinel2_firms_tf_lora/tiles/normal/sample_00037.png,normal,39.517814448929904,-114.36252582200018,2021-08-04,sample_00037
/content/drive/MyDrive/wildfire_prediction/sentinel2_firms_tf_lora/tiles/normal/sample_00038.png,normal,35.40006122342393,-120.21187445949822,2021-08-21,sample_00038
/content/drive/MyDrive/wildfire_prediction/sentinel2_firms_tf_lora/tiles/normal/sample_00040.png,normal,40.95911582886516,-118.44977767793056,2021-08-01,sample_00040
/content/drive/MyDrive/wildfire_prediction/sentinel2_firms_tf_lora/tiles/fire/sample_00041.png,fire,39.98061,-120.21464,2021-07-10,sample_00041
/content/drive/MyDrive/wildfire_prediction/sentinel2_firms_tf_lora/tiles/normal/sample_00042.png,normal,38.143349254123564,-115.77899784530666,2021-08-01,sample_00042
/content/drive/MyDrive/wildfire_prediction/sentinel2_firms_tf_lora/tiles/normal/sample_00043.png,normal,37.18981362764732,-123.65536055505734,2021-07-06,sample_00043
/content/drive/MyDrive/wildfire_prediction/sentinel2_firms_tf_lora/tiles/fire/sample_00044.png,fire,40.09506,-121.35668,2021-07-22,sample_00044
/content/drive/MyDrive/wildfire_prediction/sentinel2_firms_tf_lora/tiles/fire/sample_00045.png,fire,40.02775,-120.18221,2021-07-15,sample_00045
/content/drive/MyDrive/wildfire_prediction/sentinel2_firms_tf_lora/tiles/normal/sample_00046.png,normal,35.65772110522674,-115.12321825570167,2021-07-11,sample_00046
/content/drive/MyDrive/wildfire_prediction/sentinel2_firms_tf_lora/tiles/fire/sample_00047.png,fire,40.04157,-120.25449,2021-07-24,sample_00047
/content/drive/MyDrive/wildfire_prediction/sentinel2_firms_tf_lora/tiles/fire/sample_00048.png,fire,40.08179,-120.77437,2021-08-20,sample_00048
/content/drive/MyDrive/wildfire_prediction/sentinel2_firms_tf_lora/tiles/fire/sample_00050.png,fire,41.53307,-123.38462,2021-08-25,sample_00050
/content/drive/MyDrive/wildfire_prediction/sentinel2_firms_tf_lora/tiles/fire/sample_00051.png,fire,40.10204,-121.29391,2021-07-22,sample_00051
/content/drive/MyDrive/wildfire_prediction/sentinel2_firms_tf_lora/tiles/fire/sample_00052.png,fire,37.82076,-119.56262,2021-07-17,sample_00052
/content/drive/MyDrive/wildfire_prediction/sentinel2_firms_tf_lora/tiles/normal/sample_00053.png,normal,33.362565675315444,-116.49126040427556,2021-09-19,sample_00053
/content/drive/MyDrive/wildfire_prediction/sentinel2_firms_tf_lora/tiles/normal/sample_00054.png,normal,38.30605517069506,-121.98737664555968,2021-07-21,sample_00054
/content/drive/MyDrive/wildfire_prediction/sentinel2_firms_tf_lora/tiles/normal/sample_00055.png,normal,34.35116531488005,-121.2269789413406,2021-09-24,sample_00055
/content/drive/MyDrive/wildfire_prediction/sentinel2_firms_tf_lora/tiles/fire/sample_00056.png,fire,40.1492,-121.14955,2021-08-05,sample_00056
/content/drive/MyDrive/wildfire_prediction/sentinel2_firms_tf_lora/tiles/fire/sample_00057.png,fire,40.33724,-120.85227,2021-08-19,sample_00057
/content/drive/MyDrive/wildfire_prediction/sentinel2_firms_tf_lora/tiles/fire/sample_00058.png,fire,40.58419,-121.32993,2021-08-29,sample_00058
/content/drive/MyDrive/wildfire_prediction/sentinel2_firms_tf_lora/tiles/fire/sample_00059.png,fire,40.08088,-120.67452,2021-08-22,sample_00059
/content/drive/MyDrive/wildfire_prediction/sentinel2_firms_tf_lora/tiles/fire/sample_00060.png,fire,40.18826,-120.85213,2021-08-06,sample_00060
/content/drive/MyDrive/wildfire_prediction/sentinel2_firms_tf_lora/tiles/fire/sample_00061.png,fire,40.32202,-121.25539,2021-08-05,sample_00061
/content/drive/MyDrive/wildfire_prediction/sentinel2_firms_tf_lora/tiles/normal/sample_00062.png,normal,37.24254321707509,-115.21082688418963,2021-09-21,sample_00062
/content/drive/MyDrive/wildfire_prediction/sentinel2_firms_tf_lora/tiles/normal/sample_00063.png,normal,39.4284745106026,-114.2456262597279,2021-09-06,sample_00063
/content/drive/MyDrive/wildfire_prediction/sentinel2_firms_tf_lora/tiles/normal/sample_00064.png,normal,33.847216569394455,-118.59018423061208,2021-08-08,sample_00064
/content/drive/MyDrive/wildfire_prediction/sentinel2_firms_tf_lora/tiles/fire/sample_00065.png,fire,38.69814,-120.58369,2021-08-23,sample_00065
/content/drive/MyDrive/wildfire_prediction/sentinel2_firms_tf_lora/tiles/normal/sample_00067.png,normal,41.39842578019115,-119.89978100174002,2021-09-28,sample_00067
/content/drive/MyDrive/wildfire_prediction/sentinel2_firms_tf_lora/tiles/fire/sample_00068.png,fire,40.54807,-121.34688,2021-08-31,sample_00068
/content/drive/MyDrive/wildfire_prediction/sentinel2_firms_tf_lora/tiles/normal/sample_00069.png,normal,39.23434681128476,-124.01884397161555,2021-07-30,sample_00069
/content/drive/MyDrive/wildfire_prediction/sentinel2_firms_tf_lora/tiles/normal/sample_00070.png,normal,34.52078835559495,-119.19376947491469,2021-07-04,sample_00070
/content/drive/MyDrive/wildfire_prediction/sentinel2_firms_tf_lora/tiles/fire/sample_00071.png,fire,41.70272,-121.99532,2021-07-04,sample_00071
/content/drive/MyDrive/wildfire_prediction/sentinel2_firms_tf_lora/tiles/normal/sample_00072.png,normal,40.03753273861407,-123.36499592276895,2021-10-20,sample_00072
/content/drive/MyDrive/wildfire_prediction/sentinel2_firms_tf_lora/tiles/normal/sample_00073.png,normal,38.72580547178566,-118.8238266499468,2021-07-02,sample_00073
/content/drive/MyDrive/wildfire_prediction/sentinel2_firms_tf_lora/tiles/normal/sample_00074.png,normal,35.10751242940215,-117.76444174461992,2021-08-21,sample_00074
/content/drive/MyDrive/wildfire_prediction/sentinel2_firms_tf_lora/tiles/normal/sample_00075.png,normal,38.188870182969325,-114.20463838014362,2021-10-15,sample_00075
/content/drive/MyDrive/wildfire_prediction/sentinel2_firms_tf_lora/tiles/normal/sample_00076.png,normal,40.229144250761486,-116.83781623971491,2021-09-07,sample_00076
/content/drive/MyDrive/wildfire_prediction/sentinel2_firms_tf_lora/tiles/fire/sample_00077.png,fire,41.00561,-123.20283,2021-09-07,sample_00077
/content/drive/MyDrive/wildfire_prediction/sentinel2_firms_tf_lora/tiles/normal/sample_00079.png,normal,32.771094814326645,-118.23600182262868,2021-08-14,sample_00079
/content/drive/MyDrive/wildfire_prediction/sentinel2_firms_tf_lora/tiles/fire/sample_00080.png,fire,40.17247,-120.90005,2021-08-06,sample_00080
/content/drive/MyDrive/wildfire_prediction/sentinel2_firms_tf_lora/tiles/normal/sample_00081.png,normal,40.359202895424154,-115.35110812343841,2021-07-29,sample_00081
/content/drive/MyDrive/wildfire_prediction/sentinel2_firms_tf_lora/tiles/normal/sample_00082.png,normal,36.83082878550344,-122.98125933090111,2021-07-25,sample_00082
/content/drive/MyDrive/wildfire_prediction/sentinel2_firms_tf_lora/tiles/normal/sample_00083.png,normal,41.182574126159444,-115.47382829733566,2021-07-10,sample_00083
/content/drive/MyDrive/wildfire_prediction/sentinel2_firms_tf_lora/tiles/fire/sample_00084.png,fire,40.69302,-123.1979,2021-08-20,sample_00084
/content/drive/MyDrive/wildfire_prediction/sentinel2_firms_tf_lora/tiles/fire/sample_00085.png,fire,40.13924,-120.65598,2021-08-18,sample_00085
/content/drive/MyDrive/wildfire_prediction/sentinel2_firms_tf_lora/tiles/fire/sample_00086.png,fire,40.72335,-123.07999,2021-08-17,sample_00086
/content/drive/MyDrive/wildfire_prediction/sentinel2_firms_tf_lora/tiles/fire/sample_00087.png,fire,40.00886,-120.70544,2021-08-28,sample_00087
/content/drive/MyDrive/wildfire_prediction/sentinel2_firms_tf_lora/tiles/normal/sample_00088.png,normal,40.16574735535848,-123.35267516142956,2021-07-25,sample_00088
/content/drive/MyDrive/wildfire_prediction/sentinel2_firms_tf_lora/tiles/fire/sample_00089.png,fire,40.03804,-121.03296,2021-07-23,sample_00089
/content/drive/MyDrive/wildfire_prediction/sentinel2_firms_tf_lora/tiles/fire/sample_00090.png,fire,40.2005,-122.88401,2021-08-16,sample_00090
/content/drive/MyDrive/wildfire_prediction/sentinel2_firms_tf_lora/tiles/normal/sample_00091.png,normal,40.37452175940447,-120.29257185635463,2021-07-10,sample_00091
/content/drive/MyDrive/wildfire_prediction/sentinel2_firms_tf_lora/tiles/fire/sample_00092.png,fire,35.84947,-118.59586,2021-09-27,sample_00092
/content/drive/MyDrive/wildfire_prediction/sentinel2_firms_tf_lora/tiles/fire/sample_00094.png,fire,40.48861,-121.12207,2021-08-17,sample_00094
/content/drive/MyDrive/wildfire_prediction/sentinel2_firms_tf_lora/tiles/fire/sample_00095.png,fire,40.119,-121.141,2021-08-05,sample_00095
/content/drive/MyDrive/wildfire_prediction/sentinel2_firms_tf_lora/tiles/fire/sample_00096.png,fire,38.83322,-120.0039,2021-08-31,sample_00096
/content/drive/MyDrive/wildfire_prediction/sentinel2_firms_tf_lora/tiles/fire/sample_00097.png,fire,40.50953,-121.32932,2021-08-26,sample_00097
/content/drive/MyDrive/wildfire_prediction/sentinel2_firms_tf_lora/tiles/normal/sample_00098.png,normal,40.49557169289436,-118.38364955185716,2021-07-19,sample_00098
/content/drive/MyDrive/wildfire_prediction/sentinel2_firms_tf_lora/tiles/fire/sample_00099.png,fire,41.31782,-123.23109,2021-08-09,sample_00099
/content/drive/MyDrive/wildfire_prediction/sentinel2_firms_tf_lora/tiles/fire/sample_00100.png,fire,41.43194,-121.88269,2021-08-20,sample_00100
/content/drive/MyDrive/wildfire_prediction/sentinel2_firms_tf_lora/tiles/fire/sample_00101.png,fire,41.20484,-122.85076,2021-09-08,sample_00101
/content/drive/MyDrive/wildfire_prediction/sentinel2_firms_tf_lora/tiles/normal/sample_00103.png,normal,33.95182541670776,-117.35494725828856,2021-09-15,sample_00103
/content/drive/MyDrive/wildfire_prediction/sentinel2_firms_tf_lora/tiles/fire/sample_00104.png,fire,38.88416,-119.94708,2021-09-04,sample_00104
/content/drive/MyDrive/wildfire_prediction/sentinel2_firms_tf_lora/tiles/fire/sample_00106.png,fire,40.31272,-123.07918,2021-08-03,sample_00106
/content/drive/MyDrive/wildfire_prediction/sentinel2_firms_tf_lora/tiles/fire/sample_00108.png,fire,40.37166,-121.52769,2021-08-17,sample_00108
/content/drive/MyDrive/wildfire_prediction/sentinel2_firms_tf_lora/tiles/normal/sample_00109.png,normal,41.12012044080312,-116.14071579867556,2021-10-19,sample_00109
/content/drive/MyDrive/wildfire_prediction/sentinel2_firms_tf_lora/tiles/fire/sample_00110.png,fire,40.00494,-121.21709,2021-07-20,sample_00110
/content/drive/MyDrive/wildfire_prediction/sentinel2_firms_tf_lora/tiles/normal/sample_00111.png,normal,38.875504006087624,-114.1271292428023,2021-09-15,sample_00111
/content/drive/MyDrive/wildfire_prediction/sentinel2_firms_tf_lora/tiles/normal/sample_00112.png,normal,39.73580765500181,-119.55974135585785,2021-09-22,sample_00112
/content/drive/MyDrive/wildfire_prediction/sentinel2_firms_tf_lora/tiles/normal/sample_00113.png,normal,40.78963266530323,-115.83826436567864,2021-07-01,sample_00113
/content/drive/MyDrive/wildfire_prediction/sentinel2_firms_tf_lora/tiles/normal/sample_00114.png,normal,34.24502641187587,-119.78955774775211,2021-08-24,sample_00114
/content/drive/MyDrive/wildfire_prediction/sentinel2_firms_tf_lora/tiles/normal/sample_00115.png,normal,39.2243372733475,-118.07738345987752,2021-10-12,sample_00115
/content/drive/MyDrive/wildfire_prediction/sentinel2_firms_tf_lora/tiles/fire/sample_00117.png,fire,35.99177,-118.51364,2021-09-19,sample_00117
/content/drive/MyDrive/wildfire_prediction/sentinel2_firms_tf_lora/tiles/normal/sample_00118.png,normal,37.632364764848575,-114.0009678006533,2021-08-14,sample_00118
/content/drive/MyDrive/wildfire_prediction/sentinel2_firms_tf_lora/tiles/normal/sample_00119.png,normal,35.602940349613185,-121.20388572688722,2021-10-17,sample_00119
/content/drive/MyDrive/wildfire_prediction/sentinel2_firms_tf_lora/tiles/fire/sample_00120.png,fire,40.52824,-121.43027,2021-09-09,sample_00120
/content/drive/MyDrive/wildfire_prediction/sentinel2_firms_tf_lora/tiles/fire/sample_00121.png,fire,40.32542,-120.86816,2021-08-20,sample_00121
/content/drive/MyDrive/wildfire_prediction/sentinel2_firms_tf_lora/tiles/normal/sample_00122.png,normal,41.79926369566209,-114.77314667841466,2021-10-17,sample_00122
/content/drive/MyDrive/wildfire_prediction/sentinel2_firms_tf_lora/tiles/normal/sample_00123.png,normal,35.70128677869355,-115.25664021253863,2021-09-28,sample_00123
/content/drive/MyDrive/wildfire_prediction/sentinel2_firms_tf_lora/tiles/fire/sample_00124.png,fire,38.68899,-120.5771,2021-08-22,sample_00124
/content/drive/MyDrive/wildfire_prediction/sentinel2_firms_tf_lora/tiles/fire/sample_00125.png,fire,40.02632,-120.28622,2021-09-05,sample_00125
/content/drive/MyDrive/wildfire_prediction/sentinel2_firms_tf_lora/tiles/normal/sample_00129.png,normal,35.34758700790303,-122.29308180873225,2021-10-09,sample_00129
/content/drive/MyDrive/wildfire_prediction/sentinel2_firms_tf_lora/tiles/fire/sample_00130.png,fire,38.74327,-120.11322,2021-09-22,sample_00130
/content/drive/MyDrive/wildfire_prediction/sentinel2_firms_tf_lora/tiles/fire/sample_00132.png,fire,41.47842,-121.87678,2021-08-20,sample_00132
/content/drive/MyDrive/wildfire_prediction/sentinel2_firms_tf_lora/tiles/fire/sample_00133.png,fire,41.07382,-122.93451,2021-08-26,sample_00133
/content/drive/MyDrive/wildfire_prediction/sentinel2_firms_tf_lora/tiles/normal/sample_00134.png,normal,33.30585584073296,-114.504003544249,2021-07-31,sample_00134
/content/drive/MyDrive/wildfire_prediction/sentinel2_firms_tf_lora/tiles/fire/sample_00135.png,fire,41.59756,-121.85345,2021-08-06,sample_00135
/content/drive/MyDrive/wildfire_prediction/sentinel2_firms_tf_lora/tiles/fire/sample_00136.png,fire,40.1042,-121.10061,2021-08-09,sample_00136
/content/drive/MyDrive/wildfire_prediction/sentinel2_firms_tf_lora/tiles/fire/sample_00137.png,fire,38.70816,-120.10086,2021-08-31,sample_00137
/content/drive/MyDrive/wildfire_prediction/sentinel2_firms_tf_lora/tiles/fire/sample_00138.png,fire,40.49532,-121.39525,2021-08-25,sample_00138
/content/drive/MyDrive/wildfire_prediction/sentinel2_firms_tf_lora/tiles/fire/sample_00139.png,fire,40.29613,-120.88958,2021-08-17,sample_00139
/content/drive/MyDrive/wildfire_prediction/sentinel2_firms_tf_lora/tiles/fire/sample_00141.png,fire,40.185,-121.30584,2021-07-29,sample_00141
/content/drive/MyDrive/wildfire_prediction/sentinel2_firms_tf_lora/tiles/fire/sample_00142.png,fire,40.41911,-121.11555,2021-08-08,sample_00142
/content/drive/MyDrive/wildfire_prediction/sentinel2_firms_tf_lora/tiles/normal/sample_00144.png,normal,34.7986480462089,-115.68809711401173,2021-09-18,sample_00144
/content/drive/MyDrive/wildfire_prediction/sentinel2_firms_tf_lora/tiles/fire/sample_00145.png,fire,40.27206,-120.87759,2021-08-15,sample_00145
/content/drive/MyDrive/wildfire_prediction/sentinel2_firms_tf_lora/tiles/normal/sample_00146.png,normal,41.79648084020084,-118.4186069464293,2021-09-08,sample_00146
/content/drive/MyDrive/wildfire_prediction/sentinel2_firms_tf_lora/tiles/normal/sample_00147.png,normal,40.673254309301406,-119.19320488997113,2021-08-02,sample_00147
/content/drive/MyDrive/wildfire_prediction/sentinel2_firms_tf_lora/tiles/fire/sample_00148.png,fire,39.96001,-121.22766,2021-07-20,sample_00148
/content/drive/MyDrive/wildfire_prediction/sentinel2_firms_tf_lora/tiles/fire/sample_00149.png,fire,40.84647,-123.17622,2021-09-14,sample_00149
/content/drive/MyDrive/wildfire_prediction/sentinel2_firms_tf_lora/tiles/normal/sample_00150.png,normal,33.30412925243077,-114.0813000363502,2021-10-25,sample_00150
/content/drive/MyDrive/wildfire_prediction/sentinel2_firms_tf_lora/tiles/normal/sample_00151.png,normal,37.73876818573978,-120.80598946005124,2021-08-28,sample_00151
/content/drive/MyDrive/wildfire_prediction/sentinel2_firms_tf_lora/tiles/normal/sample_00152.png,normal,37.01023906755769,-118.72706226830309,2021-08-03,sample_00152
/content/drive/MyDrive/wildfire_prediction/sentinel2_firms_tf_lora/tiles/normal/sample_00153.png,normal,38.07048410516834,-115.07285972217399,2021-08-21,sample_00153
/content/drive/MyDrive/wildfire_prediction/sentinel2_firms_tf_lora/tiles/normal/sample_00154.png,normal,37.59788046422237,-116.49700910041692,2021-07-24,sample_00154
/content/drive/MyDrive/wildfire_prediction/sentinel2_firms_tf_lora/tiles/fire/sample_00156.png,fire,38.67698,-120.32404,2021-08-21,sample_00156
/content/drive/MyDrive/wildfire_prediction/sentinel2_firms_tf_lora/tiles/normal/sample_00157.png,normal,33.60886556194436,-115.04950823148054,2021-09-03,sample_00157
/content/drive/MyDrive/wildfire_prediction/sentinel2_firms_tf_lora/tiles/fire/sample_00158.png,fire,40.69633,-123.23103,2021-08-10,sample_00158
/content/drive/MyDrive/wildfire_prediction/sentinel2_firms_tf_lora/tiles/normal/sample_00160.png,normal,40.01080841562031,-116.02128152345024,2021-07-25,sample_00160
/content/drive/MyDrive/wildfire_prediction/sentinel2_firms_tf_lora/tiles/fire/sample_00161.png,fire,40.02108,-120.80369,2021-08-30,sample_00161
/content/drive/MyDrive/wildfire_prediction/sentinel2_firms_tf_lora/tiles/fire/sample_00162.png,fire,40.73672,-122.32336,2021-08-01,sample_00162
/content/drive/MyDrive/wildfire_prediction/sentinel2_firms_tf_lora/tiles/normal/sample_00163.png,normal,38.552559138899184,-115.7918450615917,2021-07-06,sample_00163
/content/drive/MyDrive/wildfire_prediction/sentinel2_firms_tf_lora/tiles/fire/sample_00165.png,fire,41.06468,-122.7915,2021-09-08,sample_00165
/content/drive/MyDrive/wildfire_prediction/sentinel2_firms_tf_lora/tiles/fire/sample_00166.png,fire,40.4935,-121.32283,2021-08-16,sample_00166
/content/drive/MyDrive/wildfire_prediction/sentinel2_firms_tf_lora/tiles/fire/sample_00167.png,fire,40.05612,-120.24512,2021-09-06,sample_00167
/content/drive/MyDrive/wildfire_prediction/sentinel2_firms_tf_lora/tiles/normal/sample_00168.png,normal,35.23372545216194,-114.58705904464472,2021-09-20,sample_00168
/content/drive/MyDrive/wildfire_prediction/sentinel2_firms_tf_lora/tiles/normal/sample_00169.png,normal,39.266057181520004,-123.8818254477986,2021-07-09,sample_00169
/content/drive/MyDrive/wildfire_prediction/sentinel2_firms_tf_lora/tiles/fire/sample_00170.png,fire,40.19319,-121.18171,2021-07-24,sample_00170
/content/drive/MyDrive/wildfire_prediction/sentinel2_firms_tf_lora/tiles/fire/sample_00171.png,fire,41.12606,-122.95332,2021-08-13,sample_00171
/content/drive/MyDrive/wildfire_prediction/sentinel2_firms_tf_lora/tiles/normal/sample_00172.png,normal,35.254085138808826,-120.25378814888175,2021-08-01,sample_00172
/content/drive/MyDrive/wildfire_prediction/sentinel2_firms_tf_lora/tiles/normal/sample_00173.png,normal,38.743570281794106,-124.41785737490234,2021-10-13,sample_00173
/content/drive/MyDrive/wildfire_prediction/sentinel2_firms_tf_lora/tiles/fire/sample_00174.png,fire,40.56751,-121.40591,2021-09-09,sample_00174
/content/drive/MyDrive/wildfire_prediction/sentinel2_firms_tf_lora/tiles/fire/sample_00175.png,fire,40.55015,-121.3968,2021-09-22,sample_00175
/content/drive/MyDrive/wildfire_prediction/sentinel2_firms_tf_lora/tiles/normal/sample_00176.png,normal,40.498635874647576,-119.56177821976301,2021-10-04,sample_00176
/content/drive/MyDrive/wildfire_prediction/sentinel2_firms_tf_lora/tiles/fire/sample_00177.png,fire,38.67087,-120.35609,2021-08-23,sample_00177
/content/drive/MyDrive/wildfire_prediction/sentinel2_firms_tf_lora/tiles/fire/sample_00178.png,fire,40.09975,-121.11138,2021-08-19,sample_00178
/content/drive/MyDrive/wildfire_prediction/sentinel2_firms_tf_lora/tiles/fire/sample_00179.png,fire,35.87294,-118.59756,2021-09-25,sample_00179
/content/drive/MyDrive/wildfire_prediction/sentinel2_firms_tf_lora/tiles/fire/sample_00180.png,fire,38.82743,-120.15029,2021-09-21,sample_00180
/content/drive/MyDrive/wildfire_prediction/sentinel2_firms_tf_lora/tiles/fire/sample_00181.png,fire,40.49049,-121.3549,2021-08-19,sample_00181
/content/drive/MyDrive/wildfire_prediction/sentinel2_firms_tf_lora/tiles/normal/sample_00182.png,normal,41.34212105433615,-119.16347063827462,2021-10-21,sample_00182
/content/drive/MyDrive/wildfire_prediction/sentinel2_firms_tf_lora/tiles/normal/sample_00183.png,normal,41.544594077110744,-121.36456715008997,2021-08-19,sample_00183
/content/drive/MyDrive/wildfire_prediction/sentinel2_firms_tf_lora/tiles/normal/sample_00184.png,normal,40.223155436091005,-117.28799995739747,2021-10-29,sample_00184
/content/drive/MyDrive/wildfire_prediction/sentinel2_firms_tf_lora/tiles/normal/sample_00186.png,normal,42.05560008807932,-118.66443260424101,2021-09-30,sample_00186
/content/drive/MyDrive/wildfire_prediction/sentinel2_firms_tf_lora/tiles/normal/sample_00187.png,normal,32.887118335864216,-121.8834180635703,2021-10-17,sample_00187
/content/drive/MyDrive/wildfire_prediction/sentinel2_firms_tf_lora/tiles/normal/sample_00188.png,normal,33.10366821058363,-119.68800201250485,2021-09-11,sample_00188
/content/drive/MyDrive/wildfire_prediction/sentinel2_firms_tf_lora/tiles/fire/sample_00189.png,fire,38.72753,-119.6949,2021-07-20,sample_00189
/content/drive/MyDrive/wildfire_prediction/sentinel2_firms_tf_lora/tiles/normal/sample_00190.png,normal,40.678445120520315,-114.48898144606389,2021-08-23,sample_00190
/content/drive/MyDrive/wildfire_prediction/sentinel2_firms_tf_lora/tiles/normal/sample_00191.png,normal,39.49095427875969,-121.68184685048314,2021-10-18,sample_00191
/content/drive/MyDrive/wildfire_prediction/sentinel2_firms_tf_lora/tiles/fire/sample_00192.png,fire,40.32228,-120.79356,2021-08-16,sample_00192
/content/drive/MyDrive/wildfire_prediction/sentinel2_firms_tf_lora/tiles/fire/sample_00193.png,fire,37.81654,-118.86105,2021-07-15,sample_00193
/content/drive/MyDrive/wildfire_prediction/sentinel2_firms_tf_lora/tiles/fire/sample_00195.png,fire,40.51996,-121.46323,2021-09-05,sample_00195
/content/drive/MyDrive/wildfire_prediction/sentinel2_firms_tf_lora/tiles/normal/sample_00197.png,normal,40.91669311227919,-114.55703082437105,2021-07-11,sample_00197
/content/drive/MyDrive/wildfire_prediction/sentinel2_firms_tf_lora/tiles/normal/sample_00198.png,normal,41.943290209692314,-116.2823288632093,2021-08-14,sample_00198
/content/drive/MyDrive/wildfire_prediction/sentinel2_firms_tf_lora/tiles/fire/sample_00199.png,fire,41.59353,-123.37214,2021-09-02,sample_00199
/content/drive/MyDrive/wildfire_prediction/sentinel2_firms_tf_lora/tiles/fire/sample_00200.png,fire,39.94667,-121.31351,2021-07-18,sample_00200
/content/drive/MyDrive/wildfire_prediction/sentinel2_firms_tf_lora/tiles/normal/sample_00201.png,normal,35.10244969192314,-123.77108207604039,2021-10-07,sample_00201
/content/drive/MyDrive/wildfire_prediction/sentinel2_firms_tf_lora/tiles/normal/sample_00202.png,normal,35.47779018741387,-116.56987485766432,2021-08-26,sample_00202
/content/drive/MyDrive/wildfire_prediction/sentinel2_firms_tf_lora/tiles/fire/sample_00203.png,fire,35.66495,-118.51056,2021-08-19,sample_00203
/content/drive/MyDrive/wildfire_prediction/sentinel2_firms_tf_lora/tiles/fire/sample_00204.png,fire,40.05779,-120.4136,2021-09-02,sample_00204
/content/drive/MyDrive/wildfire_prediction/sentinel2_firms_tf_lora/tiles/fire/sample_00205.png,fire,39.97811,-120.22593,2021-07-11,sample_00205
/content/drive/MyDrive/wildfire_prediction/sentinel2_firms_tf_lora/tiles/fire/sample_00206.png,fire,41.03249,-123.10098,2021-08-21,sample_00206
/content/drive/MyDrive/wildfire_prediction/sentinel2_firms_tf_lora/tiles/fire/sample_00207.png,fire,39.89135,-120.04201,2021-07-11,sample_00207
/content/drive/MyDrive/wildfire_prediction/sentinel2_firms_tf_lora/tiles/fire/sample_00208.png,fire,40.62212,-123.27747,2021-09-06,sample_00208
/content/drive/MyDrive/wildfire_prediction/sentinel2_firms_tf_lora/tiles/normal/sample_00209.png,normal,36.47832943759721,-114.62618145733308,2021-09-25,sample_00209
/content/drive/MyDrive/wildfire_prediction/sentinel2_firms_tf_lora/tiles/normal/sample_00210.png,normal,38.39865801922355,-116.35521783316872,2021-08-18,sample_00210
/content/drive/MyDrive/wildfire_prediction/sentinel2_firms_tf_lora/tiles/normal/sample_00211.png,normal,36.76999030942092,-119.85142945779705,2021-10-19,sample_00211
/content/drive/MyDrive/wildfire_prediction/sentinel2_firms_tf_lora/tiles/normal/sample_00212.png,normal,39.81510141966409,-118.13366466194888,2021-10-10,sample_00212
/content/drive/MyDrive/wildfire_prediction/sentinel2_firms_tf_lora/tiles/fire/sample_00213.png,fire,40.28833,-122.86945,2021-08-16,sample_00213
/content/drive/MyDrive/wildfire_prediction/sentinel2_firms_tf_lora/tiles/fire/sample_00214.png,fire,37.85517,-119.62753,2021-08-18,sample_00214
/content/drive/MyDrive/wildfire_prediction/sentinel2_firms_tf_lora/tiles/fire/sample_00215.png,fire,38.69036,-120.24936,2021-08-24,sample_00215
/content/drive/MyDrive/wildfire_prediction/sentinel2_firms_tf_lora/tiles/normal/sample_00216.png,normal,41.54157935538416,-117.35702419230655,2021-07-15,sample_00216
/content/drive/MyDrive/wildfire_prediction/sentinel2_firms_tf_lora/tiles/fire/sample_00217.png,fire,36.5046,-118.7322,2021-09-14,sample_00217
/content/drive/MyDrive/wildfire_prediction/sentinel2_firms_tf_lora/tiles/normal/sample_00218.png,normal,32.678389978369864,-115.56499521871918,2021-07-24,sample_00218
/content/drive/MyDrive/wildfire_prediction/sentinel2_firms_tf_lora/tiles/fire/sample_00219.png,fire,35.97952,-118.66372,2021-09-24,sample_00219
/content/drive/MyDrive/wildfire_prediction/sentinel2_firms_tf_lora/tiles/fire/sample_00220.png,fire,41.49792,-123.4157,2021-09-01,sample_00220
/content/drive/MyDrive/wildfire_prediction/sentinel2_firms_tf_lora/tiles/normal/sample_00221.png,normal,37.3998844961776,-117.85412101445914,2021-08-12,sample_00221
/content/drive/MyDrive/wildfire_prediction/sentinel2_firms_tf_lora/tiles/fire/sample_00222.png,fire,39.92182,-120.66592,2021-08-31,sample_00222
/content/drive/MyDrive/wildfire_prediction/sentinel2_firms_tf_lora/tiles/normal/sample_00225.png,normal,39.53882602562015,-117.58206717751658,2021-08-06,sample_00225
/content/drive/MyDrive/wildfire_prediction/sentinel2_firms_tf_lora/tiles/normal/sample_00226.png,normal,38.308570754969786,-122.70304419391998,2021-10-02,sample_00226
/content/drive/MyDrive/wildfire_prediction/sentinel2_firms_tf_lora/tiles/fire/sample_00228.png,fire,39.95031,-120.36359,2021-09-05,sample_00228
/content/drive/MyDrive/wildfire_prediction/sentinel2_firms_tf_lora/tiles/normal/sample_00229.png,normal,40.56419267727293,-119.16953973923484,2021-07-26,sample_00229
/content/drive/MyDrive/wildfire_prediction/sentinel2_firms_tf_lora/tiles/fire/sample_00230.png,fire,38.70802,-119.68401,2021-07-28,sample_00230
/content/drive/MyDrive/wildfire_prediction/sentinel2_firms_tf_lora/tiles/normal/sample_00231.png,normal,39.16292161768567,-118.67866898449867,2021-07-25,sample_00231
/content/drive/MyDrive/wildfire_prediction/sentinel2_firms_tf_lora/tiles/fire/sample_00232.png,fire,40.60362,-123.23369,2021-09-04,sample_00232
/content/drive/MyDrive/wildfire_prediction/sentinel2_firms_tf_lora/tiles/normal/sample_00233.png,normal,35.04747252410359,-119.40075906511575,2021-08-19,sample_00233
/content/drive/MyDrive/wildfire_prediction/sentinel2_firms_tf_lora/tiles/normal/sample_00234.png,normal,35.06081986979769,-114.26990322342125,2021-09-09,sample_00234
/content/drive/MyDrive/wildfire_prediction/sentinel2_firms_tf_lora/tiles/fire/sample_00235.png,fire,36.47507,-118.70958,2021-09-29,sample_00235
/content/drive/MyDrive/wildfire_prediction/sentinel2_firms_tf_lora/tiles/fire/sample_00237.png,fire,38.75231,-120.30694,2021-08-22,sample_00237
/content/drive/MyDrive/wildfire_prediction/sentinel2_firms_tf_lora/tiles/normal/sample_00238.png,normal,38.57999975982338,-121.74946974443934,2021-10-03,sample_00238
/content/drive/MyDrive/wildfire_prediction/sentinel2_firms_tf_lora/tiles/fire/sample_00239.png,fire,40.89436,-123.44253,2021-09-13,sample_00239
/content/drive/MyDrive/wildfire_prediction/sentinel2_firms_tf_lora/tiles/normal/sample_00240.png,normal,36.30433263587921,-121.64141497198524,2021-09-08,sample_00240
/content/drive/MyDrive/wildfire_prediction/sentinel2_firms_tf_lora/tiles/normal/sample_00241.png,normal,37.120712693047,-122.5060723936898,2021-07-28,sample_00241
/content/drive/MyDrive/wildfire_prediction/sentinel2_firms_tf_lora/tiles/normal/sample_00242.png,normal,39.102890350432006,-122.93493000247554,2021-07-05,sample_00242
/content/drive/MyDrive/wildfire_prediction/sentinel2_firms_tf_lora/tiles/fire/sample_00243.png,fire,41.82298,-120.65801,2021-07-06,sample_00243
/content/drive/MyDrive/wildfire_prediction/sentinel2_firms_tf_lora/tiles/fire/sample_00244.png,fire,40.52203,-121.21603,2021-08-31,sample_00244
/content/drive/MyDrive/wildfire_prediction/sentinel2_firms_tf_lora/tiles/normal/sample_00245.png,normal,35.095352014214924,-122.23920549787032,2021-10-06,sample_00245
/content/drive/MyDrive/wildfire_prediction/sentinel2_firms_tf_lora/tiles/normal/sample_00246.png,normal,40.95182248482689,-121.93943388849496,2021-08-29,sample_00246
/content/drive/MyDrive/wildfire_prediction/sentinel2_firms_tf_lora/tiles/normal/sample_00247.png,normal,35.31921378328598,-118.74665926207517,2021-07-01,sample_00247
/content/drive/MyDrive/wildfire_prediction/sentinel2_firms_tf_lora/tiles/fire/sample_00248.png,fire,41.02346,-123.13018,2021-08-22,sample_00248
/content/drive/MyDrive/wildfire_prediction/sentinel2_firms_tf_lora/tiles/fire/sample_00249.png,fire,36.49672,-118.6935,2021-10-03,sample_00249
/content/drive/MyDrive/wildfire_prediction/sentinel2_firms_tf_lora/tiles/fire/sample_00250.png,fire,40.0652,-120.79553,2021-08-20,sample_00250
/content/drive/MyDrive/wildfire_prediction/sentinel2_firms_tf_lora/tiles/fire/sample_00251.png,fire,32.54486,-116.52715,2021-07-05,sample_00251
/content/drive/MyDrive/wildfire_prediction/sentinel2_firms_tf_lora/tiles/fire/sample_00252.png,fire,40.39822,-121.09178,2021-08-10,sample_00252
/content/drive/MyDrive/wildfire_prediction/sentinel2_firms_tf_lora/tiles/normal/sample_00253.png,normal,34.726692223444516,-118.70408142143353,2021-07-21,sample_00253
/content/drive/MyDrive/wildfire_prediction/sentinel2_firms_tf_lora/tiles/fire/sample_00254.png,fire,41.64267,-121.71256,2021-09-08,sample_00254
/content/drive/MyDrive/wildfire_prediction/sentinel2_firms_tf_lora/tiles/fire/sample_00255.png,fire,40.27395,-120.85839,2021-08-11,sample_00255
/content/drive/MyDrive/wildfire_prediction/sentinel2_firms_tf_lora/tiles/normal/sample_00256.png,normal,39.20765704054795,-117.322749511865,2021-07-10,sample_00256
/content/drive/MyDrive/wildfire_prediction/sentinel2_firms_tf_lora/tiles/fire/sample_00257.png,fire,40.43856,-121.07858,2021-08-09,sample_00257
/content/drive/MyDrive/wildfire_prediction/sentinel2_firms_tf_lora/tiles/fire/sample_00258.png,fire,40.18644,-121.27347,2021-08-03,sample_00258
/content/drive/MyDrive/wildfire_prediction/sentinel2_firms_tf_lora/tiles/fire/sample_00259.png,fire,36.61878,-118.81781,2021-10-02,sample_00259
/content/drive/MyDrive/wildfire_prediction/sentinel2_firms_tf_lora/tiles/fire/sample_00260.png,fire,36.50035,-118.76859,2021-09-14,sample_00260
/content/drive/MyDrive/wildfire_prediction/sentinel2_firms_tf_lora/tiles/normal/sample_00261.png,normal,37.84407711050454,-116.98179406431477,2021-09-28,sample_00261
/content/drive/MyDrive/wildfire_prediction/sentinel2_firms_tf_lora/tiles/normal/sample_00262.png,normal,40.508798554889964,-118.46040935319073,2021-10-30,sample_00262
/content/drive/MyDrive/wildfire_prediction/sentinel2_firms_tf_lora/tiles/fire/sample_00263.png,fire,40.36459,-123.09909,2021-08-03,sample_00263
/content/drive/MyDrive/wildfire_prediction/sentinel2_firms_tf_lora/tiles/normal/sample_00265.png,normal,37.160966950262285,-116.17420488461067,2021-07-12,sample_00265
/content/drive/MyDrive/wildfire_prediction/sentinel2_firms_tf_lora/tiles/fire/sample_00266.png,fire,36.64284,-118.73091,2021-10-02,sample_00266
/content/drive/MyDrive/wildfire_prediction/sentinel2_firms_tf_lora/tiles/fire/sample_00267.png,fire,40.10583,-120.24026,2021-09-06,sample_00267
/content/drive/MyDrive/wildfire_prediction/sentinel2_firms_tf_lora/tiles/normal/sample_00269.png,normal,39.62639312628858,-118.84073845849345,2021-10-04,sample_00269
/content/drive/MyDrive/wildfire_prediction/sentinel2_firms_tf_lora/tiles/normal/sample_00270.png,normal,40.90076597678489,-121.19588225161598,2021-09-22,sample_00270
/content/drive/MyDrive/wildfire_prediction/sentinel2_firms_tf_lora/tiles/normal/sample_00271.png,normal,35.882099990700894,-120.88846491397081,2021-08-03,sample_00271
/content/drive/MyDrive/wildfire_prediction/sentinel2_firms_tf_lora/tiles/fire/sample_00272.png,fire,40.23921,-120.50661,2021-08-17,sample_00272
/content/drive/MyDrive/wildfire_prediction/sentinel2_firms_tf_lora/tiles/fire/sample_00273.png,fire,38.71763,-119.5782,2021-07-23,sample_00273
/content/drive/MyDrive/wildfire_prediction/sentinel2_firms_tf_lora/tiles/normal/sample_00274.png,normal,35.16437769480157,-119.89906198341905,2021-09-08,sample_00274
/content/drive/MyDrive/wildfire_prediction/sentinel2_firms_tf_lora/tiles/normal/sample_00275.png,normal,36.68962522287597,-121.57935598935458,2021-09-13,sample_00275
/content/drive/MyDrive/wildfire_prediction/sentinel2_firms_tf_lora/tiles/normal/sample_00276.png,normal,41.102918601362646,-116.69161785732436,2021-08-30,sample_00276
/content/drive/MyDrive/wildfire_prediction/sentinel2_firms_tf_lora/tiles/fire/sample_00277.png,fire,39.96086,-120.24976,2021-07-12,sample_00277
/content/drive/MyDrive/wildfire_prediction/sentinel2_firms_tf_lora/tiles/fire/sample_00278.png,fire,34.51327,-120.11536,2021-10-13,sample_00278
/content/drive/MyDrive/wildfire_prediction/sentinel2_firms_tf_lora/tiles/normal/sample_00279.png,normal,38.9002950423555,-115.49380250879629,2021-08-12,sample_00279
/content/drive/MyDrive/wildfire_prediction/sentinel2_firms_tf_lora/tiles/normal/sample_00280.png,normal,41.19720996709165,-118.28512585590694,2021-09-23,sample_00280
/content/drive/MyDrive/wildfire_prediction/sentinel2_firms_tf_lora/tiles/fire/sample_00281.png,fire,40.09538,-121.07208,2021-08-10,sample_00281
/content/drive/MyDrive/wildfire_prediction/sentinel2_firms_tf_lora/tiles/normal/sample_00282.png,normal,33.63798963362726,-117.96630190977233,2021-07-04,sample_00282
/content/drive/MyDrive/wildfire_prediction/sentinel2_firms_tf_lora/tiles/normal/sample_00283.png,normal,36.58358477636237,-114.5368178973012,2021-10-26,sample_00283
/content/drive/MyDrive/wildfire_prediction/sentinel2_firms_tf_lora/tiles/normal/sample_00284.png,normal,37.387314362143314,-121.57598872837225,2021-09-01,sample_00284
/content/drive/MyDrive/wildfire_prediction/sentinel2_firms_tf_lora/tiles/normal/sample_00285.png,normal,39.466887088331234,-121.20638820095259,2021-09-16,sample_00285
/content/drive/MyDrive/wildfire_prediction/sentinel2_firms_tf_lora/tiles/normal/sample_00286.png,normal,38.96398502800224,-115.13211453909912,2021-07-12,sample_00286
/content/drive/MyDrive/wildfire_prediction/sentinel2_firms_tf_lora/tiles/fire/sample_00287.png,fire,36.48211,-118.71983,2021-09-23,sample_00287
/content/drive/MyDrive/wildfire_prediction/sentinel2_firms_tf_lora/tiles/fire/sample_00288.png,fire,40.50499,-121.22859,2021-09-05,sample_00288
/content/drive/MyDrive/wildfire_prediction/sentinel2_firms_tf_lora/tiles/normal/sample_00289.png,normal,32.775628694358126,-119.5577547785971,2021-07-26,sample_00289
/content/drive/MyDrive/wildfire_prediction/sentinel2_firms_tf_lora/tiles/fire/sample_00290.png,fire,40.80856,-123.21807,2021-08-20,sample_00290
/content/drive/MyDrive/wildfire_prediction/sentinel2_firms_tf_lora/tiles/fire/sample_00291.png,fire,38.61976,-120.50368,2021-08-18,sample_00291
/content/drive/MyDrive/wildfire_prediction/sentinel2_firms_tf_lora/tiles/fire/sample_00292.png,fire,38.69113,-120.22376,2021-08-27,sample_00292
/content/drive/MyDrive/wildfire_prediction/sentinel2_firms_tf_lora/tiles/fire/sample_00294.png,fire,36.64366,-118.76049,2021-10-01,sample_00294
/content/drive/MyDrive/wildfire_prediction/sentinel2_firms_tf_lora/tiles/fire/sample_00295.png,fire,40.52729,-123.25209,2021-09-12,sample_00295
/content/drive/MyDrive/wildfire_prediction/sentinel2_firms_tf_lora/tiles/normal/sample_00296.png,normal,40.36778607900632,-118.44940666167116,2021-10-06,sample_00296
/content/drive/MyDrive/wildfire_prediction/sentinel2_firms_tf_lora/tiles/fire/sample_00297.png,fire,40.25108,-120.80315,2021-08-07,sample_00297
/content/drive/MyDrive/wildfire_prediction/sentinel2_firms_tf_lora/tiles/fire/sample_00300.png,fire,32.45227,-116.96336,2021-10-17,sample_00300
/content/drive/MyDrive/wildfire_prediction/sentinel2_firms_tf_lora/tiles/normal/sample_00302.png,normal,36.959100831115414,-120.21234501898483,2021-08-11,sample_00302
/content/drive/MyDrive/wildfire_prediction/sentinel2_firms_tf_lora/tiles/normal/sample_00303.png,normal,37.307819659867654,-120.91707266395653,2021-10-17,sample_00303
/content/drive/MyDrive/wildfire_prediction/sentinel2_firms_tf_lora/tiles/fire/sample_00304.png,fire,38.73904,-120.13047,2021-09-03,sample_00304
/content/drive/MyDrive/wildfire_prediction/sentinel2_firms_tf_lora/tiles/normal/sample_00305.png,normal,36.79807993297382,-115.74184052027212,2021-07-21,sample_00305
/content/drive/MyDrive/wildfire_prediction/sentinel2_firms_tf_lora/tiles/fire/sample_00306.png,fire,40.43785,-121.31438,2021-08-16,sample_00306
/content/drive/MyDrive/wildfire_prediction/sentinel2_firms_tf_lora/tiles/normal/sample_00307.png,normal,36.50871264329323,-119.59624098561491,2021-10-02,sample_00307
/content/drive/MyDrive/wildfire_prediction/sentinel2_firms_tf_lora/tiles/fire/sample_00308.png,fire,40.52097,-121.27731,2021-08-11,sample_00308
/content/drive/MyDrive/wildfire_prediction/sentinel2_firms_tf_lora/tiles/fire/sample_00309.png,fire,40.87989,-123.2776,2021-08-29,sample_00309
/content/drive/MyDrive/wildfire_prediction/sentinel2_firms_tf_lora/tiles/fire/sample_00310.png,fire,40.20194,-122.90189,2021-08-16,sample_00310
/content/drive/MyDrive/wildfire_prediction/sentinel2_firms_tf_lora/tiles/normal/sample_00311.png,normal,38.27715911783502,-114.3807851869373,2021-09-30,sample_00311
/content/drive/MyDrive/wildfire_prediction/sentinel2_firms_tf_lora/tiles/normal/sample_00312.png,normal,41.64894755223898,-114.81444215350811,2021-10-26,sample_00312
/content/drive/MyDrive/wildfire_prediction/sentinel2_firms_tf_lora/tiles/normal/sample_00313.png,normal,39.4245593629847,-115.67469053784313,2021-10-26,sample_00313
/content/drive/MyDrive/wildfire_prediction/sentinel2_firms_tf_lora/tiles/normal/sample_00314.png,normal,35.91136550402203,-114.02807933111382,2021-07-18,sample_00314
/content/drive/MyDrive/wildfire_prediction/sentinel2_firms_tf_lora/tiles/fire/sample_00315.png,fire,40.47165,-121.32014,2021-08-15,sample_00315
/content/drive/MyDrive/wildfire_prediction/sentinel2_firms_tf_lora/tiles/normal/sample_00316.png,normal,37.470992340660004,-114.68558429376752,2021-07-27,sample_00316
/content/drive/MyDrive/wildfire_prediction/sentinel2_firms_tf_lora/tiles/fire/sample_00317.png,fire,40.06505,-121.13956,2021-07-30,sample_00317
/content/drive/MyDrive/wildfire_prediction/sentinel2_firms_tf_lora/tiles/normal/sample_00318.png,normal,36.39361771555007,-117.46597514247394,2021-10-03,sample_00318
/content/drive/MyDrive/wildfire_prediction/sentinel2_firms_tf_lora/tiles/normal/sample_00319.png,normal,36.62808437464693,-115.95042808232367,2021-07-12,sample_00319
/content/drive/MyDrive/wildfire_prediction/sentinel2_firms_tf_lora/tiles/fire/sample_00320.png,fire,36.33603,-118.53399,2021-09-02,sample_00320
/content/drive/MyDrive/wildfire_prediction/sentinel2_firms_tf_lora/tiles/normal/sample_00321.png,normal,37.307081532273024,-123.1092060111521,2021-08-14,sample_00321
/content/drive/MyDrive/wildfire_prediction/sentinel2_firms_tf_lora/tiles/normal/sample_00322.png,normal,36.68580446505025,-117.0904918090201,2021-09-10,sample_00322
/content/drive/MyDrive/wildfire_prediction/sentinel2_firms_tf_lora/tiles/normal/sample_00323.png,normal,37.620739505819245,-116.78634236205825,2021-10-11,sample_00323
/content/drive/MyDrive/wildfire_prediction/sentinel2_firms_tf_lora/tiles/fire/sample_00324.png,fire,38.57315,-120.45783,2021-08-19,sample_00324
/content/drive/MyDrive/wildfire_prediction/sentinel2_firms_tf_lora/tiles/normal/sample_00325.png,normal,37.3424050486617,-123.54545117217516,2021-07-07,sample_00325
/content/drive/MyDrive/wildfire_prediction/sentinel2_firms_tf_lora/tiles/normal/sample_00326.png,normal,37.567249844436304,-123.17951462903537,2021-09-23,sample_00326
/content/drive/MyDrive/wildfire_prediction/sentinel2_firms_tf_lora/tiles/normal/sample_00328.png,normal,39.36083821524634,-122.36222822056175,2021-09-20,sample_00328
/content/drive/MyDrive/wildfire_prediction/sentinel2_firms_tf_lora/tiles/fire/sample_00329.png,fire,38.71313,-119.80443,2021-07-17,sample_00329
/content/drive/MyDrive/wildfire_prediction/sentinel2_firms_tf_lora/tiles/fire/sample_00331.png,fire,41.07323,-122.83834,2021-09-18,sample_00331
/content/drive/MyDrive/wildfire_prediction/sentinel2_firms_tf_lora/tiles/fire/sample_00332.png,fire,41.55777,-121.86254,2021-08-06,sample_00332
/content/drive/MyDrive/wildfire_prediction/sentinel2_firms_tf_lora/tiles/fire/sample_00333.png,fire,40.00228,-120.93335,2021-07-25,sample_00333
/content/drive/MyDrive/wildfire_prediction/sentinel2_firms_tf_lora/tiles/normal/sample_00335.png,normal,40.82407361345056,-119.34577370750033,2021-10-20,sample_00335
/content/drive/MyDrive/wildfire_prediction/sentinel2_firms_tf_lora/tiles/fire/sample_00336.png,fire,41.65416,-123.28043,2021-09-02,sample_00336
/content/drive/MyDrive/wildfire_prediction/sentinel2_firms_tf_lora/tiles/fire/sample_00337.png,fire,40.37953,-121.06911,2021-08-15,sample_00337
/content/drive/MyDrive/wildfire_prediction/sentinel2_firms_tf_lora/tiles/normal/sample_00339.png,normal,37.51843573795706,-118.1307638664324,2021-07-28,sample_00339
/content/drive/MyDrive/wildfire_prediction/sentinel2_firms_tf_lora/tiles/fire/sample_00340.png,fire,40.64777,-123.08101,2021-08-16,sample_00340
/content/drive/MyDrive/wildfire_prediction/sentinel2_firms_tf_lora/tiles/normal/sample_00341.png,normal,39.38472424181069,-119.36993260808774,2021-10-06,sample_00341
/content/drive/MyDrive/wildfire_prediction/sentinel2_firms_tf_lora/tiles/fire/sample_00342.png,fire,32.49615,-116.79599,2021-07-21,sample_00342
/content/drive/MyDrive/wildfire_prediction/sentinel2_firms_tf_lora/tiles/fire/sample_00343.png,fire,40.49735,-121.34187,2021-09-07,sample_00343
/content/drive/MyDrive/wildfire_prediction/sentinel2_firms_tf_lora/tiles/fire/sample_00344.png,fire,40.17323,-122.87461,2021-08-18,sample_00344
/content/drive/MyDrive/wildfire_prediction/sentinel2_firms_tf_lora/tiles/normal/sample_00345.png,normal,34.7813031402088,-114.686470274553,2021-08-05,sample_00345
/content/drive/MyDrive/wildfire_prediction/sentinel2_firms_tf_lora/tiles/normal/sample_00346.png,normal,37.76868766359942,-120.89054736146487,2021-10-04,sample_00346
/content/drive/MyDrive/wildfire_prediction/sentinel2_firms_tf_lora/tiles/fire/sample_00347.png,fire,38.66486,-120.33311,2021-08-19,sample_00347
/content/drive/MyDrive/wildfire_prediction/sentinel2_firms_tf_lora/tiles/normal/sample_00348.png,normal,41.81288592691561,-122.62503793018914,2021-08-03,sample_00348
/content/drive/MyDrive/wildfire_prediction/sentinel2_firms_tf_lora/tiles/normal/sample_00349.png,normal,35.09844986983743,-115.37234663167419,2021-10-06,sample_00349
/content/drive/MyDrive/wildfire_prediction/sentinel2_firms_tf_lora/tiles/fire/sample_00350.png,fire,40.12996,-121.13618,2021-08-05,sample_00350
/content/drive/MyDrive/wildfire_prediction/sentinel2_firms_tf_lora/tiles/normal/sample_00351.png,normal,41.410460882121114,-116.56971543532404,2021-09-27,sample_00351
/content/drive/MyDrive/wildfire_prediction/sentinel2_firms_tf_lora/tiles/fire/sample_00352.png,fire,40.10231,-121.19762,2021-07-21,sample_00352
/content/drive/MyDrive/wildfire_prediction/sentinel2_firms_tf_lora/tiles/normal/sample_00353.png,normal,38.58531593672872,-116.45895631487976,2021-09-05,sample_00353
/content/drive/MyDrive/wildfire_prediction/sentinel2_firms_tf_lora/tiles/fire/sample_00355.png,fire,41.54152,-121.94912,2021-08-10,sample_00355
/content/drive/MyDrive/wildfire_prediction/sentinel2_firms_tf_lora/tiles/normal/sample_00356.png,normal,34.117407992107694,-120.17090869128512,2021-07-23,sample_00356
/content/drive/MyDrive/wildfire_prediction/sentinel2_firms_tf_lora/tiles/normal/sample_00358.png,normal,34.53026718751161,-121.09503128863912,2021-10-07,sample_00358
/content/drive/MyDrive/wildfire_prediction/sentinel2_firms_tf_lora/tiles/fire/sample_00360.png,fire,40.04986,-121.00117,2021-07-24,sample_00360
/content/drive/MyDrive/wildfire_prediction/sentinel2_firms_tf_lora/tiles/normal/sample_00361.png,normal,33.510968852375306,-115.8973376697336,2021-08-09,sample_00361
/content/drive/MyDrive/wildfire_prediction/sentinel2_firms_tf_lora/tiles/fire/sample_00362.png,fire,41.07946,-122.9451,2021-08-19,sample_00362
/content/drive/MyDrive/wildfire_prediction/sentinel2_firms_tf_lora/tiles/fire/sample_00363.png,fire,40.02123,-120.56822,2021-08-31,sample_00363
/content/drive/MyDrive/wildfire_prediction/sentinel2_firms_tf_lora/tiles/fire/sample_00364.png,fire,40.17445,-120.632,2021-08-15,sample_00364
/content/drive/MyDrive/wildfire_prediction/sentinel2_firms_tf_lora/tiles/normal/sample_00365.png,normal,40.32089007429021,-119.66681603587111,2021-08-09,sample_00365
/content/drive/MyDrive/wildfire_prediction/sentinel2_firms_tf_lora/tiles/fire/sample_00366.png,fire,40.62087,-121.33957,2021-08-27,sample_00366
/content/drive/MyDrive/wildfire_prediction/sentinel2_firms_tf_lora/tiles/normal/sample_00367.png,normal,41.998376501174974,-117.78000252153203,2021-09-10,sample_00367
/content/drive/MyDrive/wildfire_prediction/sentinel2_firms_tf_lora/tiles/fire/sample_00368.png,fire,40.09792,-121.06285,2021-08-11,sample_00368
/content/drive/MyDrive/wildfire_prediction/sentinel2_firms_tf_lora/tiles/fire/sample_00369.png,fire,38.6618,-120.20818,2021-08-28,sample_00369
/content/drive/MyDrive/wildfire_prediction/sentinel2_firms_tf_lora/tiles/normal/sample_00370.png,normal,36.17792508286933,-116.41714439069604,2021-10-30,sample_00370
/content/drive/MyDrive/wildfire_prediction/sentinel2_firms_tf_lora/tiles/fire/sample_00371.png,fire,40.30025,-120.83381,2021-08-17,sample_00371
/content/drive/MyDrive/wildfire_prediction/sentinel2_firms_tf_lora/tiles/fire/sample_00372.png,fire,38.72634,-119.66027,2021-07-25,sample_00372
/content/drive/MyDrive/wildfire_prediction/sentinel2_firms_tf_lora/tiles/fire/sample_00373.png,fire,41.05505,-123.20466,2021-09-17,sample_00373
/content/drive/MyDrive/wildfire_prediction/sentinel2_firms_tf_lora/tiles/normal/sample_00374.png,normal,34.77466597396884,-119.64626777556329,2021-08-04,sample_00374
/content/drive/MyDrive/wildfire_prediction/sentinel2_firms_tf_lora/tiles/fire/sample_00375.png,fire,40.43943,-121.11423,2021-08-08,sample_00375
/content/drive/MyDrive/wildfire_prediction/sentinel2_firms_tf_lora/tiles/normal/sample_00376.png,normal,36.47456978616573,-119.35288209760071,2021-08-25,sample_00376
/content/drive/MyDrive/wildfire_prediction/sentinel2_firms_tf_lora/tiles/normal/sample_00377.png,normal,39.36795538034019,-120.46822609237611,2021-08-21,sample_00377
/content/drive/MyDrive/wildfire_prediction/sentinel2_firms_tf_lora/tiles/normal/sample_00378.png,normal,39.14657296903029,-115.50431366080869,2021-10-06,sample_00378
/content/drive/MyDrive/wildfire_prediction/sentinel2_firms_tf_lora/tiles/normal/sample_00379.png,normal,33.50957762726027,-114.54855126672516,2021-08-29,sample_00379
/content/drive/MyDrive/wildfire_prediction/sentinel2_firms_tf_lora/tiles/normal/sample_00380.png,normal,35.370198492261856,-118.39366635401015,2021-08-30,sample_00380
/content/drive/MyDrive/wildfire_prediction/sentinel2_firms_tf_lora/tiles/normal/sample_00381.png,normal,33.5629001552871,-115.1519832016409,2021-08-01,sample_00381
/content/drive/MyDrive/wildfire_prediction/sentinel2_firms_tf_lora/tiles/fire/sample_00382.png,fire,40.48139,-121.27399,2021-08-07,sample_00382
/content/drive/MyDrive/wildfire_prediction/sentinel2_firms_tf_lora/tiles/normal/sample_00383.png,normal,41.568377333763145,-115.9575566352513,2021-09-09,sample_00383
/content/drive/MyDrive/wildfire_prediction/sentinel2_firms_tf_lora/tiles/fire/sample_00384.png,fire,39.99003,-121.12048,2021-07-23,sample_00384
/content/drive/MyDrive/wildfire_prediction/sentinel2_firms_tf_lora/tiles/normal/sample_00385.png,normal,41.82731455904011,-116.49939690995332,2021-09-03,sample_00385
/content/drive/MyDrive/wildfire_prediction/sentinel2_firms_tf_lora/tiles/fire/sample_00386.png,fire,34.4296,-118.64474,2021-09-19,sample_00386
/content/drive/MyDrive/wildfire_prediction/sentinel2_firms_tf_lora/tiles/fire/sample_00387.png,fire,40.1551,-120.69479,2021-08-17,sample_00387
/content/drive/MyDrive/wildfire_prediction/sentinel2_firms_tf_lora/tiles/normal/sample_00390.png,normal,36.83507835393338,-114.7453075170921,2021-10-28,sample_00390
/content/drive/MyDrive/wildfire_prediction/sentinel2_firms_tf_lora/tiles/normal/sample_00391.png,normal,38.02585237759811,-117.62559095111774,2021-08-29,sample_00391
/content/drive/MyDrive/wildfire_prediction/sentinel2_firms_tf_lora/tiles/normal/sample_00392.png,normal,34.849040387781834,-115.4519088714111,2021-07-15,sample_00392
/content/drive/MyDrive/wildfire_prediction/sentinel2_firms_tf_lora/tiles/normal/sample_00393.png,normal,42.06213554419442,-123.73076242845386,2021-07-28,sample_00393
/content/drive/MyDrive/wildfire_prediction/sentinel2_firms_tf_lora/tiles/normal/sample_00394.png,normal,34.009451055441026,-121.27007596755055,2021-10-04,sample_00394
/content/drive/MyDrive/wildfire_prediction/sentinel2_firms_tf_lora/tiles/normal/sample_00397.png,normal,36.3929573709416,-119.29757527987445,2021-09-23,sample_00397
/content/drive/MyDrive/wildfire_prediction/sentinel2_firms_tf_lora/tiles/fire/sample_00398.png,fire,40.42778,-121.12244,2021-08-09,sample_00398
/content/drive/MyDrive/wildfire_prediction/sentinel2_firms_tf_lora/tiles/normal/sample_00399.png,normal,39.184810221087666,-116.44756996725947,2021-07-22,sample_00399
/content/drive/MyDrive/wildfire_prediction/sentinel2_firms_tf_lora/tiles/normal/sample_00400.png,normal,38.251550112730044,-122.1843437095999,2021-07-29,sample_00400
/content/drive/MyDrive/wildfire_prediction/sentinel2_firms_tf_lora/tiles/normal/sample_00401.png,normal,32.78698031767882,-120.74300306137053,2021-09-26,sample_00401
/content/drive/MyDrive/wildfire_prediction/sentinel2_firms_tf_lora/tiles/fire/sample_00402.png,fire,38.65655,-120.18977,2021-08-30,sample_00402
/content/drive/MyDrive/wildfire_prediction/sentinel2_firms_tf_lora/tiles/fire/sample_00403.png,fire,40.26064,-122.79797,2021-08-16,sample_00403
/content/drive/MyDrive/wildfire_prediction/sentinel2_firms_tf_lora/tiles/normal/sample_00405.png,normal,36.539385341528956,-114.97802533021081,2021-08-27,sample_00405
/content/drive/MyDrive/wildfire_prediction/sentinel2_firms_tf_lora/tiles/normal/sample_00406.png,normal,36.98990600332046,-115.03760132880333,2021-10-10,sample_00406
/content/drive/MyDrive/wildfire_prediction/sentinel2_firms_tf_lora/tiles/normal/sample_00407.png,normal,41.35567631297732,-119.8471271769387,2021-10-19,sample_00407
/content/drive/MyDrive/wildfire_prediction/sentinel2_firms_tf_lora/tiles/normal/sample_00408.png,normal,37.7547941233503,-115.79125102534356,2021-09-18,sample_00408
/content/drive/MyDrive/wildfire_prediction/sentinel2_firms_tf_lora/tiles/fire/sample_00411.png,fire,40.22667,-121.41463,2021-08-08,sample_00411
/content/drive/MyDrive/wildfire_prediction/sentinel2_firms_tf_lora/tiles/normal/sample_00412.png,normal,37.6859323618512,-122.18537346857269,2021-09-14,sample_00412
/content/drive/MyDrive/wildfire_prediction/sentinel2_firms_tf_lora/tiles/fire/sample_00414.png,fire,40.03965,-120.30639,2021-09-03,sample_00414
/content/drive/MyDrive/wildfire_prediction/sentinel2_firms_tf_lora/tiles/normal/sample_00415.png,normal,39.898762905650315,-114.15517403306204,2021-10-18,sample_00415
/content/drive/MyDrive/wildfire_prediction/sentinel2_firms_tf_lora/tiles/fire/sample_00416.png,fire,35.84534,-118.55957,2021-09-27,sample_00416
/content/drive/MyDrive/wildfire_prediction/sentinel2_firms_tf_lora/tiles/fire/sample_00418.png,fire,38.61628,-120.62729,2021-08-25,sample_00418
/content/drive/MyDrive/wildfire_prediction/sentinel2_firms_tf_lora/tiles/normal/sample_00419.png,normal,33.60623048429467,-117.26888109227302,2021-09-28,sample_00419
/content/drive/MyDrive/wildfire_prediction/sentinel2_firms_tf_lora/tiles/fire/sample_00420.png,fire,34.50695,-120.06224,2021-10-12,sample_00420
/content/drive/MyDrive/wildfire_prediction/sentinel2_firms_tf_lora/tiles/fire/sample_00421.png,fire,38.74501,-119.64733,2021-07-22,sample_00421
/content/drive/MyDrive/wildfire_prediction/sentinel2_firms_tf_lora/tiles/fire/sample_00422.png,fire,40.21188,-121.39447,2021-08-10,sample_00422
/content/drive/MyDrive/wildfire_prediction/sentinel2_firms_tf_lora/tiles/fire/sample_00423.png,fire,40.62951,-123.19213,2021-08-18,sample_00423
/content/drive/MyDrive/wildfire_prediction/sentinel2_firms_tf_lora/tiles/normal/sample_00424.png,normal,32.66288984950103,-117.75112869590197,2021-07-18,sample_00424
/content/drive/MyDrive/wildfire_prediction/sentinel2_firms_tf_lora/tiles/normal/sample_00425.png,normal,37.06917665431908,-115.42117086268274,2021-10-24,sample_00425
/content/drive/MyDrive/wildfire_prediction/sentinel2_firms_tf_lora/tiles/normal/sample_00426.png,normal,38.06652266625202,-119.22007097934511,2021-10-18,sample_00426
/content/drive/MyDrive/wildfire_prediction/sentinel2_firms_tf_lora/tiles/fire/sample_00427.png,fire,36.47864,-118.7328,2021-09-15,sample_00427
/content/drive/MyDrive/wildfire_prediction/sentinel2_firms_tf_lora/tiles/normal/sample_00428.png,normal,40.39513092280409,-114.8274784458398,2021-08-26,sample_00428
/content/drive/MyDrive/wildfire_prediction/sentinel2_firms_tf_lora/tiles/normal/sample_00429.png,normal,36.42007780667788,-117.88746350225401,2021-07-25,sample_00429
/content/drive/MyDrive/wildfire_prediction/sentinel2_firms_tf_lora/tiles/fire/sample_00431.png,fire,40.5507,-121.24538,2021-08-18,sample_00431
/content/drive/MyDrive/wildfire_prediction/sentinel2_firms_tf_lora/tiles/fire/sample_00433.png,fire,40.16829,-120.49253,2021-08-18,sample_00433
/content/drive/MyDrive/wildfire_prediction/sentinel2_firms_tf_lora/tiles/normal/sample_00434.png,normal,38.1086938455947,-119.99728672052552,2021-09-11,sample_00434
/content/drive/MyDrive/wildfire_prediction/sentinel2_firms_tf_lora/tiles/fire/sample_00435.png,fire,35.86309,-118.62182,2021-09-25,sample_00435
/content/drive/MyDrive/wildfire_prediction/sentinel2_firms_tf_lora/tiles/fire/sample_00436.png,fire,41.51508,-121.8207,2021-08-06,sample_00436
/content/drive/MyDrive/wildfire_prediction/sentinel2_firms_tf_lora/tiles/normal/sample_00437.png,normal,37.68225507349261,-117.69983540427395,2021-10-25,sample_00437
/content/drive/MyDrive/wildfire_prediction/sentinel2_firms_tf_lora/tiles/normal/sample_00438.png,normal,39.65690523354123,-122.6727128962956,2021-09-11,sample_00438
/content/drive/MyDrive/wildfire_prediction/sentinel2_firms_tf_lora/tiles/fire/sample_00439.png,fire,40.33553,-120.81522,2021-08-16,sample_00439
/content/drive/MyDrive/wildfire_prediction/sentinel2_firms_tf_lora/tiles/fire/sample_00442.png,fire,41.54362,-121.93438,2021-08-05,sample_00442
/content/drive/MyDrive/wildfire_prediction/sentinel2_firms_tf_lora/tiles/fire/sample_00443.png,fire,41.519,-121.95173,2021-08-11,sample_00443
/content/drive/MyDrive/wildfire_prediction/sentinel2_firms_tf_lora/tiles/fire/sample_00444.png,fire,38.8249,-120.03645,2021-09-01,sample_00444
/content/drive/MyDrive/wildfire_prediction/sentinel2_firms_tf_lora/tiles/fire/sample_00445.png,fire,40.73509,-122.25034,2021-09-25,sample_00445
/content/drive/MyDrive/wildfire_prediction/sentinel2_firms_tf_lora/tiles/fire/sample_00446.png,fire,39.89323,-120.29569,2021-07-09,sample_00446
/content/drive/MyDrive/wildfire_prediction/sentinel2_firms_tf_lora/tiles/fire/sample_00447.png,fire,38.60425,-120.53497,2021-08-18,sample_00447
/content/drive/MyDrive/wildfire_prediction/sentinel2_firms_tf_lora/tiles/normal/sample_00448.png,normal,39.92719914199858,-122.0949952443769,2021-07-05,sample_00448
/content/drive/MyDrive/wildfire_prediction/sentinel2_firms_tf_lora/tiles/fire/sample_00449.png,fire,38.75143,-120.27007,2021-08-24,sample_00449
/content/drive/MyDrive/wildfire_prediction/sentinel2_firms_tf_lora/tiles/fire/sample_00451.png,fire,41.42152,-123.31487,2021-09-15,sample_00451
/content/drive/MyDrive/wildfire_prediction/sentinel2_firms_tf_lora/tiles/fire/sample_00452.png,fire,36.45287,-118.71231,2021-09-25,sample_00452
/content/drive/MyDrive/wildfire_prediction/sentinel2_firms_tf_lora/tiles/fire/sample_00453.png,fire,40.99836,-123.18667,2021-09-07,sample_00453
/content/drive/MyDrive/wildfire_prediction/sentinel2_firms_tf_lora/tiles/fire/sample_00454.png,fire,39.90941,-120.58801,2021-09-02,sample_00454
/content/drive/MyDrive/wildfire_prediction/sentinel2_firms_tf_lora/tiles/fire/sample_00455.png,fire,40.5056,-121.32201,2021-08-18,sample_00455
/content/drive/MyDrive/wildfire_prediction/sentinel2_firms_tf_lora/tiles/normal/sample_00457.png,normal,38.72202015586573,-116.58055135737497,2021-10-30,sample_00457
/content/drive/MyDrive/wildfire_prediction/sentinel2_firms_tf_lora/tiles/fire/sample_00460.png,fire,34.62296,-117.09977,2021-08-08,sample_00460
/content/drive/MyDrive/wildfire_prediction/sentinel2_firms_tf_lora/tiles/normal/sample_00463.png,normal,33.38844266282597,-116.38895070801215,2021-10-17,sample_00463
/content/drive/MyDrive/wildfire_prediction/sentinel2_firms_tf_lora/tiles/normal/sample_00464.png,normal,39.49950366999289,-115.93175583908908,2021-10-06,sample_00464
/content/drive/MyDrive/wildfire_prediction/sentinel2_firms_tf_lora/tiles/normal/sample_00465.png,normal,38.374349834319446,-114.84401460252094,2021-10-08,sample_00465
/content/drive/MyDrive/wildfire_prediction/sentinel2_firms_tf_lora/tiles/normal/sample_00467.png,normal,33.43389677666633,-120.03596496360129,2021-07-23,sample_00467
/content/drive/MyDrive/wildfire_prediction/sentinel2_firms_tf_lora/tiles/normal/sample_00468.png,normal,34.73114218040489,-119.50102233676627,2021-09-30,sample_00468
/content/drive/MyDrive/wildfire_prediction/sentinel2_firms_tf_lora/tiles/fire/sample_00469.png,fire,36.60012,-118.80322,2021-09-21,sample_00469
/content/drive/MyDrive/wildfire_prediction/sentinel2_firms_tf_lora/tiles/normal/sample_00470.png,normal,38.42396501439984,-118.09887542142613,2021-10-03,sample_00470
/content/drive/MyDrive/wildfire_prediction/sentinel2_firms_tf_lora/tiles/normal/sample_00471.png,normal,37.12923434419604,-120.774337855151,2021-08-03,sample_00471
/content/drive/MyDrive/wildfire_prediction/sentinel2_firms_tf_lora/tiles/fire/sample_00472.png,fire,36.49067,-118.70448,2021-09-30,sample_00472
/content/drive/MyDrive/wildfire_prediction/sentinel2_firms_tf_lora/tiles/normal/sample_00473.png,normal,36.23912271387517,-117.4472526589203,2021-08-08,sample_00473
/content/drive/MyDrive/wildfire_prediction/sentinel2_firms_tf_lora/tiles/fire/sample_00474.png,fire,36.47713,-118.70757,2021-09-26,sample_00474
/content/drive/MyDrive/wildfire_prediction/sentinel2_firms_tf_lora/tiles/normal/sample_00476.png,normal,40.944382484758464,-115.2676624539123,2021-08-17,sample_00476
/content/drive/MyDrive/wildfire_prediction/sentinel2_firms_tf_lora/tiles/fire/sample_00477.png,fire,34.60766,-117.33581,2021-10-18,sample_00477
/content/drive/MyDrive/wildfire_prediction/sentinel2_firms_tf_lora/tiles/fire/sample_00479.png,fire,41.65715,-123.24183,2021-09-08,sample_00479
/content/drive/MyDrive/wildfire_prediction/sentinel2_firms_tf_lora/tiles/fire/sample_00480.png,fire,38.65216,-119.80403,2021-07-17,sample_00480
/content/drive/MyDrive/wildfire_prediction/sentinel2_firms_tf_lora/tiles/normal/sample_00481.png,normal,40.19788509872991,-122.42289825555713,2021-07-15,sample_00481
/content/drive/MyDrive/wildfire_prediction/sentinel2_firms_tf_lora/tiles/normal/sample_00482.png,normal,39.396458013862876,-121.18674658793714,2021-10-04,sample_00482
/content/drive/MyDrive/wildfire_prediction/sentinel2_firms_tf_lora/tiles/normal/sample_00483.png,normal,38.99132574809456,-115.64155778564316,2021-08-12,sample_00483
/content/drive/MyDrive/wildfire_prediction/sentinel2_firms_tf_lora/tiles/fire/sample_00484.png,fire,38.65611,-120.5472,2021-08-17,sample_00484
/content/drive/MyDrive/wildfire_prediction/sentinel2_firms_tf_lora/tiles/fire/sample_00485.png,fire,41.06395,-122.76104,2021-09-09,sample_00485
/content/drive/MyDrive/wildfire_prediction/sentinel2_firms_tf_lora/tiles/normal/sample_00486.png,normal,36.68532436332814,-117.40591405150396,2021-09-04,sample_00486
/content/drive/MyDrive/wildfire_prediction/sentinel2_firms_tf_lora/tiles/normal/sample_00487.png,normal,37.997105217766936,-117.29226430831183,2021-07-20,sample_00487
/content/drive/MyDrive/wildfire_prediction/sentinel2_firms_tf_lora/tiles/normal/sample_00488.png,normal,41.0274020261368,-116.78739380550104,2021-09-16,sample_00488
/content/drive/MyDrive/wildfire_prediction/sentinel2_firms_tf_lora/tiles/fire/sample_00489.png,fire,36.62497,-118.80024,2021-10-04,sample_00489
/content/drive/MyDrive/wildfire_prediction/sentinel2_firms_tf_lora/tiles/fire/sample_00491.png,fire,40.28561,-122.95384,2021-08-13,sample_00491
/content/drive/MyDrive/wildfire_prediction/sentinel2_firms_tf_lora/tiles/fire/sample_00492.png,fire,41.41995,-121.89952,2021-08-19,sample_00492
/content/drive/MyDrive/wildfire_prediction/sentinel2_firms_tf_lora/tiles/fire/sample_00493.png,fire,40.17303,-120.94541,2021-08-05,sample_00493
/content/drive/MyDrive/wildfire_prediction/sentinel2_firms_tf_lora/tiles/fire/sample_00494.png,fire,39.98445,-120.30251,2021-09-06,sample_00494
/content/drive/MyDrive/wildfire_prediction/sentinel2_firms_tf_lora/tiles/fire/sample_00495.png,fire,38.72221,-119.69221,2021-07-22,sample_00495
/content/drive/MyDrive/wildfire_prediction/sentinel2_firms_tf_lora/tiles/normal/sample_00496.png,normal,41.181763963469436,-115.61591101040402,2021-07-12,sample_00496
/content/drive/MyDrive/wildfire_prediction/sentinel2_firms_tf_lora/tiles/fire/sample_00497.png,fire,38.82581,-120.13582,2021-08-31,sample_00497
/content/drive/MyDrive/wildfire_prediction/sentinel2_firms_tf_lora/tiles/fire/sample_00498.png,fire,36.47527,-118.7377,2021-09-17,sample_00498
/content/drive/MyDrive/wildfire_prediction/sentinel2_firms_tf_lora/tiles/normal/sample_00499.png,normal,37.830870135695534,-115.31551640281855,2021-09-18,sample_00499
/content/drive/MyDrive/wildfire_prediction/sentinel2_firms_tf_lora/tiles/fire/sample_00500.png,fire,40.57581,-121.35857,2021-09-04,sample_00500
/content/drive/MyDrive/wildfire_prediction/sentinel2_firms_tf_lora/tiles/normal/sample_00501.png,normal,33.04202947055201,-114.91207069605179,2021-09-11,sample_00501
/content/drive/MyDrive/wildfire_prediction/sentinel2_firms_tf_lora/tiles/fire/sample_00502.png,fire,40.18428,-120.73937,2021-08-12,sample_00502
/content/drive/MyDrive/wildfire_prediction/sentinel2_firms_tf_lora/tiles/fire/sample_00503.png,fire,41.56584,-121.95532,2021-08-05,sample_00503
/content/drive/MyDrive/wildfire_prediction/sentinel2_firms_tf_lora/tiles/fire/sample_00504.png,fire,40.69529,-123.07845,2021-08-16,sample_00504
/content/drive/MyDrive/wildfire_prediction/sentinel2_firms_tf_lora/tiles/normal/sample_00505.png,normal,40.93704124897573,-118.66419420684437,2021-09-05,sample_00505
/content/drive/MyDrive/wildfire_prediction/sentinel2_firms_tf_lora/tiles/normal/sample_00506.png,normal,36.24754808271128,-116.99234559698058,2021-07-10,sample_00506
/content/drive/MyDrive/wildfire_prediction/sentinel2_firms_tf_lora/tiles/fire/sample_00507.png,fire,40.77982,-123.25681,2021-08-07,sample_00507
/content/drive/MyDrive/wildfire_prediction/sentinel2_firms_tf_lora/tiles/normal/sample_00508.png,normal,40.80845814927277,-122.59184522160896,2021-08-03,sample_00508
/content/drive/MyDrive/wildfire_prediction/sentinel2_firms_tf_lora/tiles/fire/sample_00509.png,fire,40.50521,-121.37861,2021-08-26,sample_00509
/content/drive/MyDrive/wildfire_prediction/sentinel2_firms_tf_lora/tiles/normal/sample_00510.png,normal,34.97246966426987,-116.26725867954002,2021-08-28,sample_00510
/content/drive/MyDrive/wildfire_prediction/sentinel2_firms_tf_lora/tiles/fire/sample_00511.png,fire,40.20027,-122.88648,2021-08-16,sample_00511
/content/drive/MyDrive/wildfire_prediction/sentinel2_firms_tf_lora/tiles/normal/sample_00512.png,normal,39.66993282809233,-114.77947986301966,2021-07-31,sample_00512
/content/drive/MyDrive/wildfire_prediction/sentinel2_firms_tf_lora/tiles/normal/sample_00513.png,normal,38.896341955267346,-121.20106944064645,2021-08-03,sample_00513
/content/drive/MyDrive/wildfire_prediction/sentinel2_firms_tf_lora/tiles/fire/sample_00515.png,fire,40.40423,-121.50594,2021-08-17,sample_00515
/content/drive/MyDrive/wildfire_prediction/sentinel2_firms_tf_lora/tiles/normal/sample_00517.png,normal,37.10059106558159,-121.98791842994636,2021-08-26,sample_00517
/content/drive/MyDrive/wildfire_prediction/sentinel2_firms_tf_lora/tiles/fire/sample_00518.png,fire,41.5358,-121.96565,2021-08-12,sample_00518
/content/drive/MyDrive/wildfire_prediction/sentinel2_firms_tf_lora/tiles/normal/sample_00519.png,normal,35.53575572687715,-114.31306036850994,2021-08-21,sample_00519
/content/drive/MyDrive/wildfire_prediction/sentinel2_firms_tf_lora/tiles/normal/sample_00520.png,normal,37.927541553379726,-117.48402106032232,2021-08-13,sample_00520
/content/drive/MyDrive/wildfire_prediction/sentinel2_firms_tf_lora/tiles/fire/sample_00521.png,fire,40.56693,-121.25327,2021-08-29,sample_00521
/content/drive/MyDrive/wildfire_prediction/sentinel2_firms_tf_lora/tiles/fire/sample_00522.png,fire,41.63249,-123.34468,2021-09-08,sample_00522
/content/drive/MyDrive/wildfire_prediction/sentinel2_firms_tf_lora/tiles/fire/sample_00523.png,fire,36.57784,-118.79117,2021-09-17,sample_00523
/content/drive/MyDrive/wildfire_prediction/sentinel2_firms_tf_lora/tiles/fire/sample_00524.png,fire,40.15018,-121.30733,2021-07-23,sample_00524
/content/drive/MyDrive/wildfire_prediction/sentinel2_firms_tf_lora/tiles/normal/sample_00525.png,normal,39.69449528848141,-115.76479500586964,2021-08-02,sample_00525
/content/drive/MyDrive/wildfire_prediction/sentinel2_firms_tf_lora/tiles/normal/sample_00526.png,normal,35.16691752078513,-117.18578921219829,2021-10-02,sample_00526
/content/drive/MyDrive/wildfire_prediction/sentinel2_firms_tf_lora/tiles/fire/sample_00527.png,fire,41.08717,-122.88441,2021-08-29,sample_00527
/content/drive/MyDrive/wildfire_prediction/sentinel2_firms_tf_lora/tiles/fire/sample_00528.png,fire,40.36519,-121.11977,2021-08-10,sample_00528
/content/drive/MyDrive/wildfire_prediction/sentinel2_firms_tf_lora/tiles/fire/sample_00529.png,fire,40.4194,-121.17782,2021-08-05,sample_00529
/content/drive/MyDrive/wildfire_prediction/sentinel2_firms_tf_lora/tiles/normal/sample_00530.png,normal,37.53240914746163,-114.303677035057,2021-10-19,sample_00530
/content/drive/MyDrive/wildfire_prediction/sentinel2_firms_tf_lora/tiles/fire/sample_00531.png,fire,40.55638,-121.44424,2021-09-08,sample_00531
/content/drive/MyDrive/wildfire_prediction/sentinel2_firms_tf_lora/tiles/fire/sample_00532.png,fire,40.02714,-121.3997,2021-08-05,sample_00532
/content/drive/MyDrive/wildfire_prediction/sentinel2_firms_tf_lora/tiles/normal/sample_00533.png,normal,40.19986560487949,-117.1929263477135,2021-08-29,sample_00533
/content/drive/MyDrive/wildfire_prediction/sentinel2_firms_tf_lora/tiles/normal/sample_00534.png,normal,38.3293575386886,-116.43086194049793,2021-08-28,sample_00534
/content/drive/MyDrive/wildfire_prediction/sentinel2_firms_tf_lora/tiles/normal/sample_00535.png,normal,40.49682227209394,-114.20743135766456,2021-08-01,sample_00535
/content/drive/MyDrive/wildfire_prediction/sentinel2_firms_tf_lora/tiles/fire/sample_00536.png,fire,41.23234,-122.82118,2021-09-09,sample_00536
/content/drive/MyDrive/wildfire_prediction/sentinel2_firms_tf_lora/tiles/fire/sample_00537.png,fire,33.93892,-117.88387,2021-10-03,sample_00537
/content/drive/MyDrive/wildfire_prediction/sentinel2_firms_tf_lora/tiles/fire/sample_00538.png,fire,35.98534,-118.69339,2021-09-24,sample_00538
/content/drive/MyDrive/wildfire_prediction/sentinel2_firms_tf_lora/tiles/normal/sample_00539.png,normal,37.779642140149875,-114.71656158592118,2021-07-14,sample_00539
/content/drive/MyDrive/wildfire_prediction/sentinel2_firms_tf_lora/tiles/normal/sample_00540.png,normal,36.43301007080061,-122.32823891009869,2021-08-23,sample_00540
/content/drive/MyDrive/wildfire_prediction/sentinel2_firms_tf_lora/tiles/fire/sample_00541.png,fire,40.46236,-121.40504,2021-08-17,sample_00541
/content/drive/MyDrive/wildfire_prediction/sentinel2_firms_tf_lora/tiles/fire/sample_00543.png,fire,41.65417,-123.27747,2021-09-01,sample_00543
/content/drive/MyDrive/wildfire_prediction/sentinel2_firms_tf_lora/tiles/fire/sample_00545.png,fire,41.13956,-122.77988,2021-09-08,sample_00545
/content/drive/MyDrive/wildfire_prediction/sentinel2_firms_tf_lora/tiles/fire/sample_00547.png,fire,40.6701,-123.27499,2021-08-22,sample_00547
/content/drive/MyDrive/wildfire_prediction/sentinel2_firms_tf_lora/tiles/normal/sample_00548.png,normal,39.03731267991657,-116.04195638171525,2021-10-10,sample_00548
/content/drive/MyDrive/wildfire_prediction/sentinel2_firms_tf_lora/tiles/normal/sample_00551.png,normal,33.314960225971255,-117.58068113009604,2021-08-15,sample_00551
/content/drive/MyDrive/wildfire_prediction/sentinel2_firms_tf_lora/tiles/fire/sample_00552.png,fire,41.06913,-123.21355,2021-09-16,sample_00552
/content/drive/MyDrive/wildfire_prediction/sentinel2_firms_tf_lora/tiles/normal/sample_00553.png,normal,39.012590579557774,-118.86181153070766,2021-08-04,sample_00553
/content/drive/MyDrive/wildfire_prediction/sentinel2_firms_tf_lora/tiles/normal/sample_00554.png,normal,33.88254090493146,-116.49363659921092,2021-09-08,sample_00554
/content/drive/MyDrive/wildfire_prediction/sentinel2_firms_tf_lora/tiles/fire/sample_00555.png,fire,38.77225,-120.25675,2021-08-25,sample_00555
/content/drive/MyDrive/wildfire_prediction/sentinel2_firms_tf_lora/tiles/fire/sample_00556.png,fire,36.09377,-118.63152,2021-09-23,sample_00556
/content/drive/MyDrive/wildfire_prediction/sentinel2_firms_tf_lora/tiles/normal/sample_00557.png,normal,40.98888195498703,-120.70283222524675,2021-07-25,sample_00557
/content/drive/MyDrive/wildfire_prediction/sentinel2_firms_tf_lora/tiles/normal/sample_00558.png,normal,33.05922037474485,-115.45089837931364,2021-08-21,sample_00558
/content/drive/MyDrive/wildfire_prediction/sentinel2_firms_tf_lora/tiles/fire/sample_00559.png,fire,40.12094,-121.27968,2021-07-23,sample_00559
/content/drive/MyDrive/wildfire_prediction/sentinel2_firms_tf_lora/tiles/normal/sample_00561.png,normal,33.50057284367117,-114.55586220522676,2021-09-21,sample_00561
/content/drive/MyDrive/wildfire_prediction/sentinel2_firms_tf_lora/tiles/normal/sample_00562.png,normal,35.660456573874306,-117.36901020720232,2021-08-21,sample_00562
/content/drive/MyDrive/wildfire_prediction/sentinel2_firms_tf_lora/tiles/normal/sample_00563.png,normal,38.77930574888635,-118.80276725924945,2021-08-22,sample_00563
/content/drive/MyDrive/wildfire_prediction/sentinel2_firms_tf_lora/tiles/normal/sample_00564.png,normal,37.98522826560042,-114.96572541400184,2021-08-18,sample_00564
/content/drive/MyDrive/wildfire_prediction/sentinel2_firms_tf_lora/tiles/fire/sample_00565.png,fire,41.5099,-123.31092,2021-08-27,sample_00565
/content/drive/MyDrive/wildfire_prediction/sentinel2_firms_tf_lora/tiles/normal/sample_00566.png,normal,40.0419318584733,-117.93689092477567,2021-09-23,sample_00566
/content/drive/MyDrive/wildfire_prediction/sentinel2_firms_tf_lora/tiles/fire/sample_00567.png,fire,38.75529,-120.28134,2021-08-22,sample_00567
/content/drive/MyDrive/wildfire_prediction/sentinel2_firms_tf_lora/tiles/normal/sample_00569.png,normal,37.56762887951185,-117.55402592278276,2021-07-09,sample_00569
/content/drive/MyDrive/wildfire_prediction/sentinel2_firms_tf_lora/tiles/fire/sample_00570.png,fire,40.77337,-123.15865,2021-08-08,sample_00570
/content/drive/MyDrive/wildfire_prediction/sentinel2_firms_tf_lora/tiles/normal/sample_00571.png,normal,33.74222839670671,-122.07175446285405,2021-09-27,sample_00571
/content/drive/MyDrive/wildfire_prediction/sentinel2_firms_tf_lora/tiles/normal/sample_00572.png,normal,39.257471549826626,-117.11863064001597,2021-08-28,sample_00572
/content/drive/MyDrive/wildfire_prediction/sentinel2_firms_tf_lora/tiles/fire/sample_00573.png,fire,41.14192,-123.09538,2021-08-21,sample_00573
/content/drive/MyDrive/wildfire_prediction/sentinel2_firms_tf_lora/tiles/fire/sample_00574.png,fire,37.30733,-119.82247,2021-07-12,sample_00574
/content/drive/MyDrive/wildfire_prediction/sentinel2_firms_tf_lora/tiles/normal/sample_00575.png,normal,33.61081377967613,-114.81589859370432,2021-07-11,sample_00575
/content/drive/MyDrive/wildfire_prediction/sentinel2_firms_tf_lora/tiles/normal/sample_00576.png,normal,41.058800314250256,-115.46537406306352,2021-10-22,sample_00576
/content/drive/MyDrive/wildfire_prediction/sentinel2_firms_tf_lora/tiles/fire/sample_00577.png,fire,40.11879,-121.05737,2021-08-06,sample_00577
/content/drive/MyDrive/wildfire_prediction/sentinel2_firms_tf_lora/tiles/fire/sample_00578.png,fire,34.52449,-120.09457,2021-10-13,sample_00578
/content/drive/MyDrive/wildfire_prediction/sentinel2_firms_tf_lora/tiles/fire/sample_00579.png,fire,39.91993,-120.25976,2021-07-09,sample_00579
/content/drive/MyDrive/wildfire_prediction/sentinel2_firms_tf_lora/tiles/normal/sample_00580.png,normal,37.55192351212425,-123.90276441284881,2021-09-04,sample_00580
/content/drive/MyDrive/wildfire_prediction/sentinel2_firms_tf_lora/tiles/normal/sample_00582.png,normal,35.673755316316544,-115.2637801469801,2021-08-05,sample_00582
/content/drive/MyDrive/wildfire_prediction/sentinel2_firms_tf_lora/tiles/normal/sample_00583.png,normal,41.25249004164476,-115.35955501671395,2021-08-08,sample_00583
/content/drive/MyDrive/wildfire_prediction/sentinel2_firms_tf_lora/tiles/normal/sample_00584.png,normal,40.21644674277824,-117.16953635262362,2021-08-13,sample_00584
/content/drive/MyDrive/wildfire_prediction/sentinel2_firms_tf_lora/tiles/fire/sample_00585.png,fire,35.88414,-118.62562,2021-09-25,sample_00585
/content/drive/MyDrive/wildfire_prediction/sentinel2_firms_tf_lora/tiles/fire/sample_00588.png,fire,40.12659,-121.41305,2021-07-23,sample_00588
/content/drive/MyDrive/wildfire_prediction/sentinel2_firms_tf_lora/tiles/normal/sample_00589.png,normal,34.766649063910855,-117.61139088332627,2021-07-01,sample_00589
/content/drive/MyDrive/wildfire_prediction/sentinel2_firms_tf_lora/tiles/normal/sample_00590.png,normal,36.850862970097765,-121.71875825177045,2021-08-01,sample_00590
/content/drive/MyDrive/wildfire_prediction/sentinel2_firms_tf_lora/tiles/fire/sample_00591.png,fire,40.34349,-121.04937,2021-08-13,sample_00591
/content/drive/MyDrive/wildfire_prediction/sentinel2_firms_tf_lora/tiles/normal/sample_00592.png,normal,38.3427275307891,-116.94762340660235,2021-09-03,sample_00592
/content/drive/MyDrive/wildfire_prediction/sentinel2_firms_tf_lora/tiles/fire/sample_00593.png,fire,40.96308,-123.09316,2021-09-14,sample_00593
/content/drive/MyDrive/wildfire_prediction/sentinel2_firms_tf_lora/tiles/fire/sample_00594.png,fire,39.99955,-121.15935,2021-07-20,sample_00594
/content/drive/MyDrive/wildfire_prediction/sentinel2_firms_tf_lora/tiles/fire/sample_00595.png,fire,39.9824,-120.62254,2021-08-31,sample_00595
/content/drive/MyDrive/wildfire_prediction/sentinel2_firms_tf_lora/tiles/fire/sample_00596.png,fire,40.78191,-123.13319,2021-08-10,sample_00596
/content/drive/MyDrive/wildfire_prediction/sentinel2_firms_tf_lora/tiles/fire/sample_00597.png,fire,41.09998,-122.84217,2021-09-07,sample_00597
/content/drive/MyDrive/wildfire_prediction/sentinel2_firms_tf_lora/tiles/normal/sample_00598.png,normal,37.99290402191701,-121.82541368554489,2021-09-29,sample_00598
/content/drive/MyDrive/wildfire_prediction/sentinel2_firms_tf_lora/tiles/fire/sample_00599.png,fire,39.97866,-121.19225,2021-07-19,sample_00599
